TABLE_NAME;COLUMN_NAME;DATA_TYPE;DATA_SCALE;DATA_PRECISION;DATA_LENGTH
ERM_IM_MAIN_AGG_REP;M_CALC_TIMESTAMP;VARCHAR2;;;90
ERM_IM_MAIN_AGG_REP;M_TRADE_ID;NUMBER;0;10;22
ERM_IM_MAIN_AGG_REP;M_PARTY_ID;CHAR;;;180
ERM_IM_MAIN_AGG_REP;M_COUNTERPARTY_ID;CHAR;;;180
ERM_IM_MAIN_AGG_REP;M_PORTFOLIO_ID;CHAR;;;48
ERM_IM_MAIN_AGG_REP;M_IM_MODEL;CHAR;;;18
ERM_IM_MAIN_AGG_REP;M_RISK_TYPE;CHAR;;;90
ERM_IM_MAIN_AGG_REP;M_PRODUCT_CLASS;CHAR;;;30
ERM_IM_MAIN_AGG_REP;M_VALUATION_DATE_CRIF;DATE;;;7
ERM_IM_MAIN_AGG_REP;M_QUALIFIER;VARCHAR2;;;180
ERM_IM_MAIN_AGG_REP;M_BUCKET;VARCHAR2;;;90
ERM_IM_MAIN_AGG_REP;M_LABEL1;VARCHAR2;;;192
ERM_IM_MAIN_AGG_REP;M_LABEL2;VARCHAR2;;;180
ERM_IM_MAIN_AGG_REP;M_AMOUNT_CURRENCY;CHAR;;;12
ERM_IM_MAIN_AGG_REP;M_AMOUNT;NUMBER;10;30;22
ERM_IM_MAIN_AGG_REP;M_AMOUNT_USD;NUMBER;10;30;22
ERM_IM_MAIN_AGG_REP;M_DATASOURCE;VARCHAR2;;;18
FRIC_CASH_FLOWS_REP;TIMESTAMP;FLOAT;;126;22
FRIC_CASH_FLOWS_REP;M_IDENTITY;NUMBER;0;10;22
FRIC_CASH_FLOWS_REP;M_CASH_FLOW;NUMBER;4;16;22
FRIC_CASH_FLOWS_REP;M_CASH_FLO1;NUMBER;4;16;22
FRIC_CASH_FLOWS_REP;M_CURRENCY;CHAR;;;12
FRIC_CASH_FLOWS_REP;M_DATE;DATE;;;7
FRIC_CASH_FLOWS_REP;M_TRADE_NUM;NUMBER;0;10;22
FRIC_CASH_FLOWS_REP;M_TYPOLOGY;CHAR;;;63
FRIC_CASH_FLOWS_REP;M_PORTFOLIO;CHAR;;;48
FRIC_CASH_FLOWS_REP;M_REF_DATA;NUMBER;0;10;22
FRIC_CASH_FLOWS_REP;M_MX_REF_JOB;NUMBER;0;10;22
FRIC_CASH_FLOWS_REP;M_INSTRUMEN;CHAR;;;108
INTRA_TRADE_VAL_REP;M_MP_SPOT0;NUMBER;8;18;22
INTRA_TRADE_VAL_REP;M_PL_CSNFCP0;NUMBER;6;23;22
INTRA_TRADE_VAL_REP;M_H_EXT_SEC;NUMBER;0;8;22
INTRA_TRADE_VAL_REP;M_S_VANNA0;NUMBER;5;19;22
INTRA_TRADE_VAL_REP;M_S_VANNA1;NUMBER;5;19;22
INTRA_TRADE_VAL_REP;M_S_VOLGA1;NUMBER;5;19;22
INTRA_TRADE_VAL_REP;M_S_VOLGA2;NUMBER;5;19;22
INTRA_TRADE_VAL_REP;M_S_VANNA2;NUMBER;5;19;22
INTRA_TRADE_VAL_REP;M_S_VEGA0;NUMBER;5;19;22
INTRA_TRADE_VAL_REP;M_TP_FXCPCUR;CHAR;;;9
INTRA_TRADE_VAL_REP;M_S_RHOF0;NUMBER;5;19;22
INTRA_TRADE_VAL_REP;M_S_RHOF1;NUMBER;5;19;22
INTRA_TRADE_VAL_REP;M_PL_FMVTH2;NUMBER;6;23;22
INTRA_TRADE_VAL_REP;M_PL_FPFCP0;NUMBER;6;23;22
INTRA_TRADE_VAL_REP;M_PL_FMV1;NUMBER;6;23;22
INTRA_TRADE_VAL_REP;M_PL_FMV2;NUMBER;6;23;22
INTRA_TRADE_VAL_REP;M_PL_FMVTH0;NUMBER;6;23;22
INTRA_TRADE_VAL_REP;M_PL_FMVTH1;NUMBER;6;23;22
INTRA_TRADE_VAL_REP;M_C_CUR_PL;CHAR;;;9
INTRA_TRADE_VAL_REP;M_C_PL_DT;CHAR;;;30
INTRA_TRADE_VAL_REP;M_PL_FMVCL0;NUMBER;6;23;22
INTRA_TRADE_VAL_REP;M_PL_FMVCL1;NUMBER;6;23;22
INTRA_TRADE_VAL_REP;M_QTY_INDEX;NUMBER;0;3;22
INTRA_TRADE_VAL_REP;M_S_DELTA0;NUMBER;5;24;22
INTRA_TRADE_VAL_REP;M_TP_IPAY;NUMBER;8;22;22
INTRA_TRADE_VAL_REP;M_TP_IPAYCUR;CHAR;;;9
INTRA_TRADE_VAL_REP;M_TP_LQTY2;NUMBER;8;24;22
INTRA_TRADE_VAL_REP;M_TP_MOPLST;NUMBER;0;3;22
INTRA_TRADE_VAL_REP;M_S_VEGA2;NUMBER;5;19;22
INTRA_TRADE_VAL_REP;M_S_VOLGA0;NUMBER;5;19;22
INTRA_TRADE_VAL_REP;M_PL_NFMVCL2;NUMBER;6;23;22
INTRA_TRADE_VAL_REP;M_INSTRUMENT;CHAR;;;105
INTRA_TRADE_VAL_REP;M_LOC_DISC0;NUMBER;9;11;22
INTRA_TRADE_VAL_REP;M_TP_LQTY1;NUMBER;8;24;22
INTRA_TRADE_VAL_REP;M_MP_SPOT2;NUMBER;8;18;22
INTRA_TRADE_VAL_REP;M_MP_SPOT20;NUMBER;10;20;22
INTRA_TRADE_VAL_REP;M_TP_CP;CHAR;;;3
INTRA_TRADE_VAL_REP;M_TP_DSCEXO0;CHAR;;;90
INTRA_TRADE_VAL_REP;M_PKG_VS1;NUMBER;0;6;22
INTRA_TRADE_VAL_REP;M_S_VEGA1;NUMBER;5;19;22
INTRA_TRADE_VAL_REP;M_S_GAMMA1;NUMBER;6;24;22
INTRA_TRADE_VAL_REP;M_S_GAMMA2;NUMBER;6;24;22
INTRA_TRADE_VAL_REP;M_PL_NFMVCL0;NUMBER;6;23;22
INTRA_TRADE_VAL_REP;M_PL_NFMVCL1;NUMBER;6;23;22
INTRA_TRADE_VAL_REP;M_S_RHOF2;NUMBER;5;19;22
INTRA_TRADE_VAL_REP;M_S_THETA0;NUMBER;5;19;22
INTRA_TRADE_VAL_REP;M_TP_NOMCUR;CHAR;;;9
INTRA_TRADE_VAL_REP;M_TP_OBARTYP;CHAR;;;60
INTRA_TRADE_VAL_REP;M_TP_AE;CHAR;;;3
INTRA_TRADE_VAL_REP;M_TP_BUY;CHAR;;;3
INTRA_TRADE_VAL_REP;M_TP_QTYEQ;NUMBER;8;24;22
INTRA_TRADE_VAL_REP;M_TP_STATUS2;CHAR;;;30
INTRA_TRADE_VAL_REP;M_H_SYS_DATE;DATE;;;7
INTRA_TRADE_VAL_REP;M_H_TIMVAL;NUMBER;6;23;22
INTRA_TRADE_VAL_REP;M_FOR_DISC1;NUMBER;9;11;22
INTRA_TRADE_VAL_REP;M_FOR_DISC2;NUMBER;9;11;22
INTRA_TRADE_VAL_REP;M_H_DF_BASE;NUMBER;8;10;22
INTRA_TRADE_VAL_REP;M_S_RHO2;NUMBER;5;19;22
INTRA_TRADE_VAL_REP;M_TP_DTEEXP;DATE;;;7
INTRA_TRADE_VAL_REP;M_TP_FXBASE;CHAR;;;9
INTRA_TRADE_VAL_REP;M_CNT_ORG;NUMBER;0;10;22
INTRA_TRADE_VAL_REP;M_CNT_TYPO;CHAR;;;63
INTRA_TRADE_VAL_REP;M_MP_SPOT22;NUMBER;10;20;22
INTRA_TRADE_VAL_REP;M_NB;NUMBER;0;10;22
INTRA_TRADE_VAL_REP;M_CMP_TYPO;CHAR;;;63
INTRA_TRADE_VAL_REP;M_MP_SPOT1;NUMBER;8;18;22
INTRA_TRADE_VAL_REP;M_TP_IQTY;NUMBER;8;24;22
INTRA_TRADE_VAL_REP;M_TP_LQTY0;NUMBER;8;24;22
INTRA_TRADE_VAL_REP;M_H_PR_DFC;NUMBER;6;18;22
INTRA_TRADE_VAL_REP;M_REF_DATA;NUMBER;0;10;22
INTRA_TRADE_VAL_REP;M_PACKAGE;NUMBER;0;10;22
INTRA_TRADE_VAL_REP;M_LOC_DISC2;NUMBER;9;11;22
INTRA_TRADE_VAL_REP;M_CNT_VS2;NUMBER;0;6;22
INTRA_TRADE_VAL_REP;M_CONTRACT;NUMBER;0;10;22
INTRA_TRADE_VAL_REP;M_TP_MOPLSTL;CHAR;;;150
INTRA_TRADE_VAL_REP;M_TP_NBLTI;NUMBER;0;10;22
INTRA_TRADE_VAL_REP;M_H_DF_UND;NUMBER;8;10;22
INTRA_TRADE_VAL_REP;M_H_EXT_DATE;DATE;;;7
INTRA_TRADE_VAL_REP;M_PL_CSNFCP1;NUMBER;6;23;22
INTRA_TRADE_VAL_REP;M_PL_CSNFCP2;NUMBER;6;23;22
INTRA_TRADE_VAL_REP;M_MX_REF_JOB;NUMBER;0;10;22
INTRA_TRADE_VAL_REP;M_FOR_DISC0;NUMBER;9;11;22
INTRA_TRADE_VAL_REP;M_TP_FXUND;CHAR;;;9
INTRA_TRADE_VAL_REP;M_TP_INITSD;CHAR;;;3
INTRA_TRADE_VAL_REP;TIMESTAMP;FLOAT;;126;22
INTRA_TRADE_VAL_REP;M_IDENTITY;NUMBER;0;10;22
INTRA_TRADE_VAL_REP;M_S_DELTA2;NUMBER;5;24;22
INTRA_TRADE_VAL_REP;M_S_GAMMA0;NUMBER;6;24;22
INTRA_TRADE_VAL_REP;M_MP_SPOT21;NUMBER;10;20;22
INTRA_TRADE_VAL_REP;M_S_DELTA1;NUMBER;5;24;22
INTRA_TRADE_VAL_REP;M_PL_FMV0;NUMBER;6;23;22
INTRA_TRADE_VAL_REP;M_PL_FPFCP1;NUMBER;6;23;22
INTRA_TRADE_VAL_REP;M_CNT_VS0;NUMBER;0;6;22
INTRA_TRADE_VAL_REP;M_TP_VALSTAT;CHAR;;;12
INTRA_TRADE_VAL_REP;M_TRN_TYPE;CHAR;;;15
INTRA_TRADE_VAL_REP;M_PKG_ORG;NUMBER;0;10;22
INTRA_TRADE_VAL_REP;M_PKG_VS0;NUMBER;0;6;22
INTRA_TRADE_VAL_REP;M_PKG_VS2;NUMBER;0;6;22
INTRA_TRADE_VAL_REP;M_S_THETA1;NUMBER;5;19;22
INTRA_TRADE_VAL_REP;M_S_THETA2;NUMBER;5;19;22
INTRA_TRADE_VAL_REP;M_H_EXT_TIME;CHAR;;;24
INTRA_TRADE_VAL_REP;M_H_INVAL;NUMBER;6;23;22
INTRA_TRADE_VAL_REP;M_LOC_DISC1;NUMBER;9;11;22
INTRA_TRADE_VAL_REP;M_S_RHO0;NUMBER;5;19;22
INTRA_TRADE_VAL_REP;M_S_RHO1;NUMBER;5;19;22
INTRA_TRADE_VAL_REP;M_PL_FPFCP2;NUMBER;6;23;22
INTRA_TRADE_VAL_REP;M_PL_NFMV0;NUMBER;6;23;22
INTRA_TRADE_VAL_REP;M_PL_FMVCL2;NUMBER;6;23;22
INTRA_TRADE_VAL_REP;M_PL_NFMV1;NUMBER;6;23;22
INTRA_TRADE_VAL_REP;M_PL_NFMV2;NUMBER;6;23;22
INTRA_TRADE_VAL_REP;M_CNT_VS1;NUMBER;0;6;22
JOB_AUDIT_REP;TIMESTAMP;FLOAT;;126;22
JOB_AUDIT_REP;M_IDENTITY;NUMBER;0;9;22
JOB_AUDIT_REP;M_ID;NUMBER;0;10;22
JOB_AUDIT_REP;M_MX_REF_JOB;NUMBER;0;10;22
JOB_AUDIT_REP;M_REF_DATA;NUMBER;0;10;22
JOB_AUDIT_REP;M_DATAGEN;CHAR;;;6
JOB_AUDIT_REP;M_USER;CHAR;;;30
JOB_AUDIT_REP;M_GRP;CHAR;;;30
JOB_AUDIT_REP;M_DESK;CHAR;;;60
JOB_AUDIT_REP;M_DESKTYPE;CHAR;;;6
JOB_AUDIT_REP;M_DATE;DATE;;;7
JOB_AUDIT_REP;M_TIME;NUMBER;0;10;22
JOB_AUDIT_REP;M_ENDTIME;NUMBER;0;10;22
JOB_AUDIT_REP;M_STATUS;CHAR;;;60
JOB_AUDIT_REP;M_BATCH;CHAR;;;90
JOB_AUDIT_REP;M_CTX;CHAR;;;9
MXT_CASH_REP;M_F_AMOUNT;NUMBER;8;25;22
MXT_CASH_REP;M_F_CURRENCY;CHAR;;;9
MXT_CASH_REP;M_F_VALUE;DATE;;;7
MXT_CASH_REP;M_HCOMMENT;CHAR;;;90
MXT_CASH_REP;M_CNT_VS2;NUMBER;0;6;22
MXT_CASH_REP;M_CONTRACT;NUMBER;0;10;22
MXT_CASH_REP;M_PACKAGE;NUMBER;0;10;22
MXT_CASH_REP;M_PKG_ORG;NUMBER;0;10;22
MXT_CASH_REP;M_TP_INT;CHAR;;;3
MXT_CASH_REP;M_TP_MOPLST;NUMBER;0;3;22
MXT_CASH_REP;M_CNT_VS1;NUMBER;0;6;22
MXT_CASH_REP;M_TP_CNTRP;CHAR;;;105
MXT_CASH_REP;M_TP_DTESYS;DATE;;;7
MXT_CASH_REP;M_PKG_VS0;NUMBER;0;6;22
MXT_CASH_REP;M_PKG_VS1;NUMBER;0;6;22
MXT_CASH_REP;M_PKG_VS2;NUMBER;0;6;22
MXT_CASH_REP;M_INSTRUMENT;CHAR;;;105
MXT_CASH_REP;M_NB;NUMBER;0;10;22
MXT_CASH_REP;M_CNT_TYPO;CHAR;;;63
MXT_CASH_REP;M_CNT_VS0;NUMBER;0;6;22
MXT_CASH_REP;M_REF_DATA;NUMBER;0;10;22
MXT_CASH_REP;M_TRN_TYPE;CHAR;;;15
MXT_CASH_REP;M_TP_PFOLIO;CHAR;;;45
MXT_CASH_REP;M_TRN_GRP;CHAR;;;15
MXT_CASH_REP;M_MX_REF_JOB;NUMBER;0;10;22
MXT_CASH_REP;M_CMP_TYPO;CHAR;;;63
MXT_CASH_REP;M_CNT_ORG;NUMBER;0;10;22
MXT_CASH_REP;TIMESTAMP;FLOAT;;126;22
MXT_CASH_REP;M_IDENTITY;NUMBER;0;10;22
MXT_CASH_REP;M_F_TYPE;CHAR;;;30
MXT_CASH_REP;M_F_TYPENB;NUMBER;0;2;22
MXT_CASH_REP;M_TP_MOPLSTD;DATE;;;7
MXT_CASH_REP;M_TP_MOPLSTL;CHAR;;;150
MXT_CI_REP;TIMESTAMP;FLOAT;;126;22
MXT_CI_REP;M_IDENTITY;NUMBER;0;10;22
MXT_CI_REP;M_LABEL;CHAR;;;45
MXT_CI_REP;M_ADDRESS_2;CHAR;;;210
MXT_CI_REP;M_LANGUAGE;CHAR;;;45
MXT_CI_REP;M_ADDRESS_3;CHAR;;;210
MXT_CI_REP;M_ADDRESS_1;CHAR;;;210
MXT_CI_REP;M_SWIFT;CHAR;;;33
MXT_CI_REP;M_FAX;CHAR;;;90
MXT_CI_REP;M_FILTER;CHAR;;;60
MXT_CI_REP;M_DOCTYPE;CHAR;;;90
MXT_CI_REP;M_CONTACT2;CHAR;;;150
MXT_CI_REP;M_ADD_ID;NUMBER;0;10;22
MXT_CI_REP;M_CODE;CHAR;;;30
MXT_CI_REP;M_ID;NUMBER;0;10;22
MXT_CI_REP;M_ADDRESS_4;CHAR;;;210
MXT_CI_REP;M_REF_DATA;NUMBER;0;10;22
MXT_CI_REP;M_MX_REF_JOB;NUMBER;0;10;22
MXT_CI_REP;M_ADDRTYPE;CHAR;;;60
MXT_CI_REP;M_CUSTNUM;CHAR;;;60
MXT_CI_REP;M_EMAIL;CHAR;;;300
MXT_CI_REP;M_H_EXT_TIME;CHAR;;;24
MXT_CI_REP;M_H_EXT_DATE;DATE;;;7
MXT_CI_REP;M_MASTER;CHAR;;;90
MXT_CI_REP;M_CUSTOMINFO;CHAR;;;60
MXT_CI_REP;M_CONTACT1;CHAR;;;150
MXT_COUNTERPART_REP;TIMESTAMP;FLOAT;;126;22
MXT_COUNTERPART_REP;M_IDENTITY;NUMBER;0;10;22
MXT_COUNTERPART_REP;M_OTHER;CHAR;;;3
MXT_COUNTERPART_REP;M_H_EXT_SEC;NUMBER;0;20;22
MXT_COUNTERPART_REP;M_STATUS;NUMBER;0;1;22
MXT_COUNTERPART_REP;M_CORPORATE;CHAR;;;3
MXT_COUNTERPART_REP;M_ADDRESS0;CHAR;;;210
MXT_COUNTERPART_REP;M_NAME;CHAR;;;765
MXT_COUNTERPART_REP;M_H_EXT_DATE;DATE;;;7
MXT_COUNTERPART_REP;M_SFT;CHAR;;;33
MXT_COUNTERPART_REP;M_COMMENT1;CHAR;;;90
MXT_COUNTERPART_REP;M_COUNTRY;CHAR;;;105
MXT_COUNTERPART_REP;M_BROKER;CHAR;;;3
MXT_COUNTERPART_REP;M_MX_REF_JOB;NUMBER;0;10;22
MXT_COUNTERPART_REP;M_H_SYS_DATE;DATE;;;7
MXT_COUNTERPART_REP;M_LABEL;CHAR;;;45
MXT_COUNTERPART_REP;M_BANK;CHAR;;;3
MXT_COUNTERPART_REP;M_H_EXT_TIME;VARCHAR2;;;24
MXT_COUNTERPART_REP;M_STATE;CHAR;;;3
MXT_COUNTERPART_REP;M_PAY_NET;NUMBER;0;1;22
MXT_COUNTERPART_REP;M_ADDRESS1;CHAR;;;210
MXT_COUNTERPART_REP;M_LEG_ENT;CHAR;;;60
MXT_COUNTERPART_REP;M_COMMENT0;CHAR;;;90
MXT_COUNTERPART_REP;M_CODE;CHAR;;;30
MXT_COUNTERPART_REP;M_FAX;CHAR;;;90
MXT_COUNTERPART_REP;M_ADDRESS3;CHAR;;;210
MXT_COUNTERPART_REP;M_ADDRESS2;CHAR;;;210
MXT_COUNTERPART_REP;M_CITY;CHAR;;;210
MXT_COUNTERPART_REP;M_CONFIRM;NUMBER;0;1;22
MXT_COUNTERPART_REP;M_ID;NUMBER;0;10;22
MXT_COUNTERPART_REP;M_TEL;CHAR;;;90
MXT_COUNTERPART_REP;M_REF_DATA;NUMBER;0;10;22
MXT_DELTAHEDGE_REP;M_DATE;DATE;;;7
MXT_DELTAHEDGE_REP;M_FLOW;NUMBER;0;32;22
MXT_DELTAHEDGE_REP;M_OPTIONAL;NUMBER;0;32;22
MXT_DELTAHEDGE_REP;M_OPTIONAL1;NUMBER;0;32;22
MXT_DELTAHEDGE_REP;M_PORTFOLIO;CHAR;;;48
MXT_DELTAHEDGE_REP;M_TOTAL;NUMBER;0;32;22
MXT_DELTAHEDGE_REP;M_XSUM_DET;CHAR;;;3
MXT_DELTAHEDGE_REP;M_REF_DATA;NUMBER;0;10;22
MXT_DELTAHEDGE_REP;M_MX_REF_JOB;NUMBER;0;10;22
MXT_DELTAHEDGE_REP;M_TOTAL1;NUMBER;0;32;22
MXT_DELTAHEDGE_REP;M_TRADE_NUM;NUMBER;0;10;22
MXT_DELTAHEDGE_REP;M_FLOW1;NUMBER;0;32;22
MXT_DELTAHEDGE_REP;M_H_EXT_TIME;CHAR;;;60
MXT_DELTAHEDGE_REP;M_MARKET_V1;NUMBER;0;32;22
MXT_DELTAHEDGE_REP;M_MARKET_VA;NUMBER;0;32;22
MXT_DELTAHEDGE_REP;M_CURRENCY;CHAR;;;12
MXT_DELTAHEDGE_REP;TIMESTAMP;FLOAT;;126;22
MXT_DELTAHEDGE_REP;M_IDENTITY;NUMBER;0;10;22
MXT_DELTAHEDGE_REP;M_TYPOLOGY;CHAR;;;63
MXT_DELTAHEDGE_REP;M_XDUP_FLAG;NUMBER;0;1;22
MXT_DELTAHEDGE_REP;M_XSUM_COUNT;NUMBER;0;12;22
MXT_DELTAHEDGE_REP;M_H_SYS_DATE;DATE;;;7
MXT_DELTAHEDGE_REP;M_INSTRUMEN;CHAR;;;45
MXT_FR_VOL_REP;TIMESTAMP;FLOAT;;126;22
MXT_FR_VOL_REP;M_IDENTITY;NUMBER;0;10;22
MXT_FR_VOL_REP;M__DATE_;DATE;;;7
MXT_FR_VOL_REP;M_VARMODE;NUMBER;0;1;22
MXT_FR_VOL_REP;M_ENDDATE;DATE;;;7
MXT_FR_VOL_REP;M_CALLASK;NUMBER;10;17;22
MXT_FR_VOL_REP;M_REF_DATA;NUMBER;0;10;22
MXT_FR_VOL_REP;M_H_SYS_DATE;DATE;;;7
MXT_FR_VOL_REP;M_PUTASK;NUMBER;10;17;22
MXT_FR_VOL_REP;M_LABEL;CHAR;;;30
MXT_FR_VOL_REP;M_INSTRUM;CHAR;;;45
MXT_FR_VOL_REP;M_LNKINST;CHAR;;;45
MXT_FR_VOL_REP;M_SMILE;NUMBER;0;1;22
MXT_FR_VOL_REP;M_H_EXT_TIME;CHAR;;;24
MXT_FR_VOL_REP;M_CALLBID;NUMBER;10;17;22
MXT_FR_VOL_REP;M_NATURE;NUMBER;0;1;22
MXT_FR_VOL_REP;M_MX_REF_JOB;NUMBER;0;10;22
MXT_FR_VOL_REP;M_PUTBID;NUMBER;10;17;22
MXT_FR_VOL_REP;M_H_EXT_DATE;DATE;;;7
MXT_FR_VOL_REP;M_TIMESTAMP_;DATE;;;7
MXT_GREEKS_TOPO_REP;TIMESTAMP;FLOAT;;126;22
MXT_GREEKS_TOPO_REP;M_IDENTITY;NUMBER;0;10;22
MXT_GREEKS_TOPO_REP;M_INSTRUMEN;CHAR;;;45
MXT_GREEKS_TOPO_REP;M_PORTFOLIO;CHAR;;;48
MXT_GREEKS_TOPO_REP;M_QUANTITY;NUMBER;0;24;22
MXT_GREEKS_TOPO_REP;M_STRATEGY;CHAR;;;48
MXT_GREEKS_TOPO_REP;M_TRADE_NUM;NUMBER;0;10;22
MXT_GREEKS_TOPO_REP;M_TYPOLOGY;CHAR;;;63
MXT_GREEKS_TOPO_REP;M_CALL_PUT;CHAR;;;48
MXT_GREEKS_TOPO_REP;M_CONVENTIO;NUMBER;3;10;22
MXT_GREEKS_TOPO_REP;M_CURRENCY;CHAR;;;12
MXT_GREEKS_TOPO_REP;M_CUT_OFF;CHAR;;;48
MXT_GREEKS_TOPO_REP;M_DATE;CHAR;;;192
MXT_GREEKS_TOPO_REP;M_DATED;DATE;;;7
MXT_GREEKS_TOPO_REP;M_MX_REF_JOB;NUMBER;0;10;22
MXT_GREEKS_TOPO_REP;M_REF_DATA;NUMBER;0;10;22
MXT_GREEKS_TOPO_REP;M_FX_DELTA;NUMBER;0;24;22
MXT_GREEKS_TOPO_REP;M_FX_GAMMA;NUMBER;0;24;22
MXT_GREEKS_TOPO_REP;M_FX_VANNA;NUMBER;0;24;22
MXT_GREEKS_TOPO_REP;M_FX_VEGA;NUMBER;0;24;22
MXT_GREEKS_TOPO_REP;M_FX_VOLGA;NUMBER;0;24;22
MXT_GREEKS_TOPO_REP;M_H_EXT_TIME;CHAR;;;60
MXT_GREEKS_TOPO_REP;M_H_SYS_DATE;DATE;;;7
MXT_INTRAVAR_REP;TIMESTAMP;FLOAT;;126;22
MXT_INTRAVAR_REP;M_IDENTITY;NUMBER;0;10;22
MXT_INTRAVAR_REP;M_H_SYS_DATE;DATE;;;7
MXT_INTRAVAR_REP;M_PTFOLIO;CHAR;;;45
MXT_INTRAVAR_REP;M_SCENARIO;NUMBER;0;10;22
MXT_INTRAVAR_REP;M_RESULT;NUMBER;5;19;22
MXT_INTRAVAR_REP;M_REF_DATA;NUMBER;0;10;22
MXT_INTRAVAR_REP;M_RESULTV;NUMBER;5;19;22
MXT_INTRAVAR_REP;M_MX_REF_JOB;NUMBER;0;10;22
MXT_INTRAVAR_REP;M_TIMESTAMP_;DATE;;;7
MXT_INTRAVAR_REP;M_DEALNUM;NUMBER;0;10;22
MXT_INTRAVAR_REP;M_DATE;DATE;;;7
MXT_INTRAVAR_REP;M_CUR;CHAR;;;9
MXT_LEGAL_AGR_REP;TIMESTAMP;FLOAT;;126;22
MXT_LEGAL_AGR_REP;M_IDENTITY;NUMBER;0;10;22
MXT_LEGAL_AGR_REP;M_END_DATE;DATE;;;7
MXT_LEGAL_AGR_REP;M_EXT_SIG_DT;DATE;;;7
MXT_LEGAL_AGR_REP;M_LABEL;CHAR;;;45
MXT_LEGAL_AGR_REP;M_MASTER;CHAR;;;90
MXT_LEGAL_AGR_REP;M_MX_REF_JOB;NUMBER;0;10;22
MXT_LEGAL_AGR_REP;M_REF_DATA;NUMBER;0;10;22
MXT_LEGAL_AGR_REP;M_START_DATE;DATE;;;7
MXT_LEGAL_AGR_REP;M_INS_DATE;DATE;;;7
MXT_LEGAL_AGR_REP;M_H_SYS_DATE;DATE;;;7
MXT_MKTP_SMILE_REP;TIMESTAMP;FLOAT;;126;22
MXT_MKTP_SMILE_REP;M_IDENTITY;NUMBER;0;10;22
MXT_MKTP_SMILE_REP;M_PUTBID;NUMBER;10;19;22
MXT_MKTP_SMILE_REP;M_CALLBID;NUMBER;10;19;22
MXT_MKTP_SMILE_REP;M_SPREAD;NUMBER;7;20;22
MXT_MKTP_SMILE_REP;M_CALLASK;NUMBER;10;19;22
MXT_MKTP_SMILE_REP;M_INSTRUM;CHAR;;;45
MXT_MKTP_SMILE_REP;M_H_EXT_TIME;CHAR;;;24
MXT_MKTP_SMILE_REP;M_REF_DATA;NUMBER;0;10;22
MXT_MKTP_SMILE_REP;M_H_EXT_DATE;DATE;;;7
MXT_MKTP_SMILE_REP;M_NBPOINTS;NUMBER;0;2;22
MXT_MKTP_SMILE_REP;M_TIMESTAMP_;DATE;;;7
MXT_MKTP_SMILE_REP;M__DATE_;DATE;;;7
MXT_MKTP_SMILE_REP;M_TYPE;NUMBER;0;1;22
MXT_MKTP_SMILE_REP;M_STRIKE;NUMBER;9;22;22
MXT_MKTP_SMILE_REP;M_LNKINST;CHAR;;;45
MXT_MKTP_SMILE_REP;M_PUTASK;NUMBER;10;19;22
MXT_MKTP_SMILE_REP;M_H_SYS_DATE;DATE;;;7
MXT_MKTP_SMILE_REP;M_MX_REF_JOB;NUMBER;0;10;22
MXT_MKTP_SMILE_REP;M_REFVAL;NUMBER;8;21;22
MXT_MKTP_SMILE_REP;M_LABEL;CHAR;;;30
MXT_MKTP_VOL_REP;TIMESTAMP;FLOAT;;126;22
MXT_MKTP_VOL_REP;M_IDENTITY;NUMBER;0;10;22
MXT_MKTP_VOL_REP;M_ENDDATE;DATE;;;7
MXT_MKTP_VOL_REP;M_VARMODE;NUMBER;0;1;22
MXT_MKTP_VOL_REP;M_TIMESTAMP_;DATE;;;7
MXT_MKTP_VOL_REP;M_H_EXT_TIME;CHAR;;;24
MXT_MKTP_VOL_REP;M_LNKINST;CHAR;;;45
MXT_MKTP_VOL_REP;M__DATE_;DATE;;;7
MXT_MKTP_VOL_REP;M_SMILE;NUMBER;0;1;22
MXT_MKTP_VOL_REP;M_CALLBID;NUMBER;10;17;22
MXT_MKTP_VOL_REP;M_REF_DATA;NUMBER;0;10;22
MXT_MKTP_VOL_REP;M_CALLASK;NUMBER;10;17;22
MXT_MKTP_VOL_REP;M_LABEL;CHAR;;;30
MXT_MKTP_VOL_REP;M_MX_REF_JOB;NUMBER;0;10;22
MXT_MKTP_VOL_REP;M_PUTASK;NUMBER;10;17;22
MXT_MKTP_VOL_REP;M_INSTRUM;CHAR;;;45
MXT_MKTP_VOL_REP;M_H_EXT_DATE;DATE;;;7
MXT_MKTP_VOL_REP;M_PUTBID;NUMBER;10;17;22
MXT_MKTP_VOL_REP;M_H_SYS_DATE;DATE;;;7
MXT_MKTP_VOL_REP;M_NATURE;NUMBER;0;1;22
MXT_PL_D_REP;TIMESTAMP;FLOAT;;126;22
MXT_PL_D_REP;M_IDENTITY;NUMBER;0;10;22
MXT_PL_D_REP;M_REF_DATA;NUMBER;0;10;22
MXT_PL_D_REP;M_INSTRUMEN;CHAR;;;45
MXT_PL_D_REP;M_TRADE_NUM;NUMBER;0;10;22
MXT_PL_D_REP;M_CURRENCY;CHAR;;;12
MXT_PL_D_REP;M_TYPOLOGY;CHAR;;;63
MXT_PL_D_REP;M_PORTFOLIO;CHAR;;;48
MXT_PL_D_REP;M_MX_REF_JOB;NUMBER;0;10;22
MXT_PL_D_REP;M_PL_ABS;NUMBER;4;16;22
MXT_PL_VAR_REP;TIMESTAMP;FLOAT;;126;22
MXT_PL_VAR_REP;M_IDENTITY;NUMBER;0;10;22
MXT_PL_VAR_REP;M_PL_EFFECT;CHAR;;;48
MXT_PL_VAR_REP;M_PORTFOLIO;CHAR;;;48
MXT_PL_VAR_REP;M_P_L_VARIA;NUMBER;0;16;22
MXT_PL_VAR_REP;M_RISK_SECT;CHAR;;;48
MXT_PL_VAR_REP;M_TRADE_NUM;NUMBER;0;16;22
MXT_PL_VAR_REP;M_TRADE_TYP;CHAR;;;63
MXT_PL_VAR_REP;M_TYPE;CHAR;;;48
MXT_PL_VAR_REP;M_XDUP_FLAG;NUMBER;0;1;22
MXT_PL_VAR_REP;M_XSUM_COUNT;NUMBER;0;12;22
MXT_PL_VAR_REP;M_XSUM_DET;CHAR;;;3
MXT_PL_VAR_REP;M_REF_DATA;NUMBER;0;10;22
MXT_PL_VAR_REP;M_MX_REF_JOB;NUMBER;0;10;22
MXT_PL_VAR_REP;M_CONTRACT1;NUMBER;0;10;22
MXT_PL_VAR_REP;M_CONTRACT2;NUMBER;0;10;22
MXT_PL_VAR_REP;M_CONTRACT3;NUMBER;0;3;22
MXT_PL_VAR_REP;M_CONTRACT_;CHAR;;;63
MXT_PL_VAR_REP;M_EFFECT;CHAR;;;60
MXT_PL_VAR_REP;M_H_EXT_DATE;DATE;;;7
MXT_PL_VAR_REP;M_MATURITY;DATE;;;7
MXT_PL_VAR_REP;M_PACKAGE_N;NUMBER;0;16;22
MXT_PORTFOLIO_REP;TIMESTAMP;FLOAT;;126;22
MXT_PORTFOLIO_REP;M_IDENTITY;NUMBER;0;10;22
MXT_PORTFOLIO_REP;M_COMMENT0;CHAR;;;90
MXT_PORTFOLIO_REP;M_DESC;CHAR;;;300
MXT_PORTFOLIO_REP;M_ENTITY;CHAR;;;45
MXT_PORTFOLIO_REP;M_H_EXT_DATE;DATE;;;7
MXT_PORTFOLIO_REP;M_H_EXT_SEC;NUMBER;0;8;22
MXT_PORTFOLIO_REP;M_H_EXT_TIME;CHAR;;;24
MXT_PORTFOLIO_REP;M_H_SYS_DATE;DATE;;;7
MXT_PORTFOLIO_REP;M_H_TRADERID;CHAR;;;9
MXT_PORTFOLIO_REP;M_LABEL;CHAR;;;45
MXT_PORTFOLIO_REP;M_MX_REF_JOB;NUMBER;0;10;22
MXT_PORTFOLIO_REP;M_REF_DATA;NUMBER;0;10;22
MXT_REFSPOT_REP;M_MX_REF_JOB;NUMBER;0;10;22
MXT_REFSPOT_REP;M_INSTRUM;CHAR;;;21
MXT_REFSPOT_REP;TIMESTAMP;FLOAT;;126;22
MXT_REFSPOT_REP;M_IDENTITY;NUMBER;0;10;22
MXT_REFSPOT_REP;M__DATE_;DATE;;;7
MXT_REFSPOT_REP;M_REFSPOT;NUMBER;7;14;22
MXT_REFSPOT_REP;M_REF_DATA;NUMBER;0;10;22
MXT_RHO_TOPO_REP;TIMESTAMP;FLOAT;;126;22
MXT_RHO_TOPO_REP;M_IDENTITY;NUMBER;0;10;22
MXT_RHO_TOPO_REP;M_CURVE_REF;CHAR;;;30
MXT_RHO_TOPO_REP;M_DATE;CHAR;;;192
MXT_RHO_TOPO_REP;M_DATED;DATE;;;7
MXT_RHO_TOPO_REP;M_FX_RHOF_E;NUMBER;8;32;22
MXT_RHO_TOPO_REP;M_FX_RHO_EU;NUMBER;8;32;22
MXT_RHO_TOPO_REP;M_H_EXT_TIME;CHAR;;;60
MXT_RHO_TOPO_REP;M_H_SYS_DATE;DATE;;;7
MXT_RHO_TOPO_REP;M_INSTRUMEN;CHAR;;;45
MXT_RHO_TOPO_REP;M_PORTFOLIO;CHAR;;;48
MXT_RHO_TOPO_REP;M_STRATEGY;CHAR;;;48
MXT_RHO_TOPO_REP;M_TRADE_NUM;NUMBER;0;10;22
MXT_RHO_TOPO_REP;M_TYPOLOGY;CHAR;;;153
MXT_RHO_TOPO_REP;M_REF_DATA;NUMBER;0;10;22
MXT_RHO_TOPO_REP;M_MX_REF_JOB;NUMBER;0;10;22
MXT_SI_STATIC_REP;TIMESTAMP;FLOAT;;126;22
MXT_SI_STATIC_REP;M_IDENTITY;NUMBER;0;10;22
MXT_SI_STATIC_REP;M_AW_SHORT;CHAR;;;120
MXT_SI_STATIC_REP;M_AW_SWIFT;CHAR;;;33
MXT_SI_STATIC_REP;M_BEN_ACC;CHAR;;;90
MXT_SI_STATIC_REP;M_BEN_SHORT;CHAR;;;120
MXT_SI_STATIC_REP;M_BEN_SWIFT;CHAR;;;33
MXT_SI_STATIC_REP;M_CODE;CHAR;;;60
MXT_SI_STATIC_REP;M_CURRENCY;CHAR;;;9
MXT_SI_STATIC_REP;M_CUST_ACC;CHAR;;;120
MXT_SI_STATIC_REP;M_H_SYS_DATE;DATE;;;7
MXT_SI_STATIC_REP;M_INT_SHORT;CHAR;;;120
MXT_SI_STATIC_REP;M_INT_SWIFT;CHAR;;;33
MXT_SI_STATIC_REP;M_LABEL;CHAR;;;60
MXT_SI_STATIC_REP;M_MX_REF_JOB;NUMBER;0;10;22
MXT_SI_STATIC_REP;M_REC_SHORT;CHAR;;;120
MXT_SI_STATIC_REP;M_REC_SWIFT;CHAR;;;33
MXT_SI_STATIC_REP;M_REF;NUMBER;0;10;22
MXT_SI_STATIC_REP;M_REF_DATA;NUMBER;0;10;22
MXT_SI_STATIC_REP;M_SET_METHOD;CHAR;;;60
MXT_SI_STATIC_REP;M_STL_METHOD;CHAR;;;60
MXT_SMC_INTRADAY_REP;TIMESTAMP;FLOAT;;126;22
MXT_SMC_INTRADAY_REP;M_IDENTITY;NUMBER;0;10;22
MXT_SMC_INTRADAY_REP;M_REF_DATA;NUMBER;0;10;22
MXT_SMC_INTRADAY_REP;M_MX_REF_JOB;NUMBER;0;10;22
MXT_SMC_INTRADAY_REP;M_CALLASK;NUMBER;10;19;22
MXT_SMC_INTRADAY_REP;M_CALLBID;NUMBER;10;19;22
MXT_SMC_INTRADAY_REP;M_FLY;NUMBER;0;20;22
MXT_SMC_INTRADAY_REP;M_INSTRUM;CHAR;;;45
MXT_SMC_INTRADAY_REP;M_LABEL;CHAR;;;30
MXT_SMC_INTRADAY_REP;M_RR;NUMBER;0;20;22
MXT_SMC_INTRADAY_REP;M_STRIKE;NUMBER;9;22;22
MXT_TARF_DATA_REP;M_CNT_TYPO;CHAR;;;60
MXT_TARF_DATA_REP;M_PKG_ORG;NUMBER;0;10;22
MXT_TARF_DATA_REP;M_PACK_REF;NUMBER;0;10;22
MXT_TARF_DATA_REP;M_XCLR;NUMBER;4;9;22
MXT_TARF_DATA_REP;M_XCHR;NUMBER;4;9;22
MXT_TARF_DATA_REP;M_XCWEIGH;NUMBER;2;9;22
MXT_TARF_DATA_REP;M_XARCH;CHAR;;;93
MXT_TARF_DATA_REP;M_XCP;CHAR;;;120
MXT_TARF_DATA_REP;M_XEXP;DATE;;;7
MXT_TARF_DATA_REP;M_CNT_VS;NUMBER;0;6;22
MXT_TARF_DATA_REP;M_XSHIFT;CHAR;;;45
MXT_TARF_DATA_REP;M_XFIGUR;NUMBER;4;11;22
MXT_TARF_DATA_REP;M_CMP_TYPO;CHAR;;;60
MXT_TARF_DATA_REP;M_XEXPRBT;CHAR;;;120
MXT_TARF_DATA_REP;M_CNT_ORG;NUMBER;0;10;22
MXT_TARF_DATA_REP;M_NB;NUMBER;0;10;22
MXT_TARF_DATA_REP;M_REF_DATA;NUMBER;0;10;22
MXT_TARF_DATA_REP;M_XEDATE;DATE;;;7
MXT_TARF_DATA_REP;M_PKG_VS;NUMBER;0;6;22
MXT_TARF_DATA_REP;M_XMULTIN;CHAR;;;120
MXT_TARF_DATA_REP;M_XUP;NUMBER;0;5;22
MXT_TARF_DATA_REP;M_CONTRACT;NUMBER;0;10;22
MXT_TARF_DATA_REP;M_XSDATE;DATE;;;7
MXT_TARF_DATA_REP;M_XSETCUR;CHAR;;;30
MXT_TARF_DATA_REP;M_XCSTRIK;NUMBER;4;9;22
MXT_TARF_DATA_REP;M_XMID;NUMBER;0;5;22
MXT_TARF_DATA_REP;TIMESTAMP;FLOAT;;126;22
MXT_TARF_DATA_REP;M_IDENTITY;NUMBER;0;10;22
MXT_TARF_DATA_REP;M_XDELIV;DATE;;;7
MXT_TARF_DATA_REP;M_XTQUOT;CHAR;;;45
MXT_TARF_DATA_REP;M_XSCHD;CHAR;;;45
MXT_TARF_DATA_REP;M_XSETTL;CHAR;;;120
MXT_TARF_DATA_REP;M_XTSTYLE;CHAR;;;120
MXT_TARF_DATA_REP;M_XCRTARG;CHAR;;;120
MXT_TARF_DATA_REP;M_XCCYHOL;CHAR;;;30
MXT_TARF_DATA_REP;M_MX_REF_JOB;NUMBER;0;10;22
MXT_TARF_DATA_REP;M_XLOW;NUMBER;0;5;22
MXT_TARF_DATA_REP_INTRADAY;TIMESTAMP;FLOAT;;126;22
MXT_TARF_DATA_REP_INTRADAY;M_IDENTITY;NUMBER;0;10;22
MXT_TARF_DATA_REP_INTRADAY;M_MX_REF_JOB;NUMBER;0;10;22
MXT_TARF_DATA_REP_INTRADAY;M_REF_DATA;NUMBER;0;10;22
MXT_TARF_DATA_REP_INTRADAY;M_XEXP;DATE;;;7
MXT_TARF_DATA_REP_INTRADAY;M_XEDATE;DATE;;;7
MXT_TARF_DATA_REP_INTRADAY;M_XEXPRBT;CHAR;;;120
MXT_TARF_DATA_REP_INTRADAY;M_XFIGUR;NUMBER;6;13;22
MXT_TARF_DATA_REP_INTRADAY;M_XLOW;NUMBER;0;5;22
MXT_TARF_DATA_REP_INTRADAY;M_XMID;NUMBER;0;5;22
MXT_TARF_DATA_REP_INTRADAY;M_XMULTIN;CHAR;;;120
MXT_TARF_DATA_REP_INTRADAY;M_XSCHD;CHAR;;;45
MXT_TARF_DATA_REP_INTRADAY;M_XSDATE;DATE;;;7
MXT_TARF_DATA_REP_INTRADAY;M_XSETCUR;CHAR;;;30
MXT_TARF_DATA_REP_INTRADAY;M_XSETTL;CHAR;;;120
MXT_TARF_DATA_REP_INTRADAY;M_XSHIFT;CHAR;;;45
MXT_TARF_DATA_REP_INTRADAY;M_XTQUOT;CHAR;;;45
MXT_TARF_DATA_REP_INTRADAY;M_XTSTYLE;CHAR;;;120
MXT_TARF_DATA_REP_INTRADAY;M_XUP;NUMBER;0;5;22
MXT_TARF_DATA_REP_INTRADAY;M_XARCH;CHAR;;;93
MXT_TARF_DATA_REP_INTRADAY;M_CNT_ORG;NUMBER;0;10;22
MXT_TARF_DATA_REP_INTRADAY;M_CNT_TYPO;CHAR;;;60
MXT_TARF_DATA_REP_INTRADAY;M_CNT_VS;NUMBER;0;6;22
MXT_TARF_DATA_REP_INTRADAY;M_CONTRACT;NUMBER;0;10;22
MXT_TARF_DATA_REP_INTRADAY;M_NB;NUMBER;0;10;22
MXT_TARF_DATA_REP_INTRADAY;M_PACK_REF;NUMBER;0;10;22
MXT_TARF_DATA_REP_INTRADAY;M_PKG_ORG;NUMBER;0;10;22
MXT_TARF_DATA_REP_INTRADAY;M_PKG_VS;NUMBER;0;6;22
MXT_TARF_DATA_REP_INTRADAY;M_SCHEDULE;VARCHAR2;;;60
MXT_TARF_DATA_REP_INTRADAY;M_CMP_TYPO;CHAR;;;60
MXT_TARF_DATA_REP_INTRADAY;M_XCCYHOL;CHAR;;;30
MXT_TARF_DATA_REP_INTRADAY;M_XCHR;NUMBER;6;11;22
MXT_TARF_DATA_REP_INTRADAY;M_XCLR;NUMBER;6;11;22
MXT_TARF_DATA_REP_INTRADAY;M_XCP;CHAR;;;120
MXT_TARF_DATA_REP_INTRADAY;M_XCRTARG;CHAR;;;120
MXT_TARF_DATA_REP_INTRADAY;M_XCSTRIK;NUMBER;6;11;22
MXT_TARF_DATA_REP_INTRADAY;M_XCWEIGH;NUMBER;6;13;22
MXT_TARF_DATA_REP_INTRADAY;M_XDELIV;DATE;;;7
MXT_TARF_FIXINGS_REP;TIMESTAMP;FLOAT;;126;22
MXT_TARF_FIXINGS_REP;M_IDENTITY;NUMBER;0;10;22
MXT_TARF_FIXINGS_REP;M_CNT_VER;NUMBER;0;6;22
MXT_TARF_FIXINGS_REP;M_NB;NUMBER;0;10;22
MXT_TARF_FIXINGS_REP;M_XFXVDAT;DATE;;;7
MXT_TARF_FIXINGS_REP;M_PACK_REF;NUMBER;0;10;22
MXT_TARF_FIXINGS_REP;M_PKG_VER;NUMBER;0;6;22
MXT_TARF_FIXINGS_REP;M_XLRG;NUMBER;4;9;22
MXT_TARF_FIXINGS_REP;M_XFXLEVL;NUMBER;8;13;22
MXT_TARF_FIXINGS_REP;M_XHRG;NUMBER;4;9;22
MXT_TARF_FIXINGS_REP;M_XFXVAL;NUMBER;4;20;22
MXT_TARF_FIXINGS_REP;M_CMP_TYPO;CHAR;;;60
MXT_TARF_FIXINGS_REP;M_PKG_ORIG;NUMBER;0;10;22
MXT_TARF_FIXINGS_REP;M_XFXDATE;DATE;;;7
MXT_TARF_FIXINGS_REP;M_REF_DATA;NUMBER;0;10;22
MXT_TARF_FIXINGS_REP;M_CNT_TYPO;CHAR;;;60
MXT_TARF_FIXINGS_REP;M_XFXPDAT;DATE;;;7
MXT_TARF_FIXINGS_REP;M_XWEIGHT;NUMBER;4;11;22
MXT_TARF_FIXINGS_REP;M_CONTRACT;NUMBER;0;10;22
MXT_TARF_FIXINGS_REP;M_MX_REF_JOB;NUMBER;0;10;22
MXT_TARF_FIXINGS_REP;M_CNT_ORIG;NUMBER;0;10;22
MXT_TARF_FIXINGS_REP_INTRADAY;TIMESTAMP;FLOAT;;126;22
MXT_TARF_FIXINGS_REP_INTRADAY;M_IDENTITY;NUMBER;0;10;22
MXT_TARF_FIXINGS_REP_INTRADAY;M_REF_DATA;NUMBER;0;10;22
MXT_TARF_FIXINGS_REP_INTRADAY;M_MX_REF_JOB;NUMBER;0;10;22
MXT_TARF_FIXINGS_REP_INTRADAY;M_XFXLEVL;NUMBER;6;11;22
MXT_TARF_FIXINGS_REP_INTRADAY;M_XWEIGHT;NUMBER;6;13;22
MXT_TARF_FIXINGS_REP_INTRADAY;M_XLRG;NUMBER;6;11;22
MXT_TARF_FIXINGS_REP_INTRADAY;M_XHRG;NUMBER;6;11;22
MXT_TARF_FIXINGS_REP_INTRADAY;M_XFXVDAT;DATE;;;7
MXT_TARF_FIXINGS_REP_INTRADAY;M_XFXVAL;NUMBER;4;20;22
MXT_TARF_FIXINGS_REP_INTRADAY;M_XFXPDAT;DATE;;;7
MXT_TARF_FIXINGS_REP_INTRADAY;M_CMP_TYPO;CHAR;;;60
MXT_TARF_FIXINGS_REP_INTRADAY;M_XFXDATE;DATE;;;7
MXT_TARF_FIXINGS_REP_INTRADAY;M_PKG_VER;NUMBER;0;6;22
MXT_TARF_FIXINGS_REP_INTRADAY;M_PKG_ORIG;NUMBER;0;10;22
MXT_TARF_FIXINGS_REP_INTRADAY;M_PACK_REF;NUMBER;0;10;22
MXT_TARF_FIXINGS_REP_INTRADAY;M_NB;NUMBER;0;10;22
MXT_TARF_FIXINGS_REP_INTRADAY;M_CONTRACT;NUMBER;0;10;22
MXT_TARF_FIXINGS_REP_INTRADAY;M_CNT_VER;NUMBER;0;6;22
MXT_TARF_FIXINGS_REP_INTRADAY;M_CNT_TYPO;CHAR;;;60
MXT_TARF_FIXINGS_REP_INTRADAY;M_CNT_ORIG;NUMBER;0;10;22
MXT_TOPO_REP;TIMESTAMP;FLOAT;;126;22
MXT_TOPO_REP;M_IDENTITY;NUMBER;0;10;22
MXT_TOPO_REP;M_LEVEL0;NUMBER;4;10;22
MXT_TOPO_REP;M_LEVEL1;NUMBER;4;10;22
MXT_TOPO_REP;M_LEV_QUOT;CHAR;;;24
MXT_TOPO_REP;M_MAT0;DATE;;;7
MXT_TOPO_REP;M_MAT1;DATE;;;7
MXT_TOPO_REP;M_MX_REF_JOB;NUMBER;0;10;22
MXT_TOPO_REP;M_PORTFOLIO;CHAR;;;45
MXT_TOPO_REP;M_REF_DATA;NUMBER;0;10;22
MXT_TOPO_REP;M_USER;CHAR;;;30
MXT_TOPO_REP;M_VCURR;CHAR;;;12
MXT_TOPO_REP;M_VEGA;NUMBER;4;20;22
MXT_TOPO_REP;M_VIEW;CHAR;;;45
MXT_TOPO_REP;M_DCURR;CHAR;;;12
MXT_TOPO_REP;M_DELTA;NUMBER;4;20;22
MXT_TOPO_REP;M_GAMMA;NUMBER;4;20;22
MXT_TOPO_REP;M_GCURR;CHAR;;;12
MXT_TOPO_REP;M_QUANTITY;NUMBER;4;20;22
MXT_TRADE_AUDIT_REP;M_TYPE;CHAR;;;45
MXT_TRADE_AUDIT_REP;M_TIME_CMP;NUMBER;0;8;22
MXT_TRADE_AUDIT_REP;M_H_EXT_DATE;DATE;;;7
MXT_TRADE_AUDIT_REP;M_ACTION;VARCHAR2;;;45
MXT_TRADE_AUDIT_REP;M_USR_NAME;CHAR;;;30
MXT_TRADE_AUDIT_REP;M_H_SYS_DATE;DATE;;;7
MXT_TRADE_AUDIT_REP;M_ACT_COM1;VARCHAR2;;;300
MXT_TRADE_AUDIT_REP;M_PKG_ORIG;NUMBER;0;10;22
MXT_TRADE_AUDIT_REP;M_PACK_REF;NUMBER;0;10;22
MXT_TRADE_AUDIT_REP;M_PKG_VER;NUMBER;0;6;22
MXT_TRADE_AUDIT_REP;M_CONTRACT;NUMBER;0;10;22
MXT_TRADE_AUDIT_REP;M_DATE_CMP;DATE;;;7
MXT_TRADE_AUDIT_REP;M_USR_GROUP;CHAR;;;30
MXT_TRADE_AUDIT_REP;M_H_EXT_TIME;VARCHAR2;;;24
MXT_TRADE_AUDIT_REP;M_ACT_NB2;NUMBER;6;17;22
MXT_TRADE_AUDIT_REP;M_DATE;DATE;;;7
MXT_TRADE_AUDIT_REP;M_MX_REF_JOB;NUMBER;0;10;22
MXT_TRADE_AUDIT_REP;M_ACT_COM2;VARCHAR2;;;300
MXT_TRADE_AUDIT_REP;M_CNT_VER;NUMBER;0;6;22
MXT_TRADE_AUDIT_REP;M_H_EXT_SEC;NUMBER;0;20;22
MXT_TRADE_AUDIT_REP;M_ACT_COM0;VARCHAR2;;;300
MXT_TRADE_AUDIT_REP;M_CMP_TYPO;CHAR;;;60
MXT_TRADE_AUDIT_REP;M_ACT_NB1;NUMBER;6;17;22
MXT_TRADE_AUDIT_REP;M_ACT_NB0;NUMBER;0;10;22
MXT_TRADE_AUDIT_REP;M_CNT_ORIG;NUMBER;0;10;22
MXT_TRADE_AUDIT_REP;TIMESTAMP;FLOAT;;126;22
MXT_TRADE_AUDIT_REP;M_IDENTITY;NUMBER;0;10;22
MXT_TRADE_AUDIT_REP;M_TIME_ZONE;NUMBER;0;2;22
MXT_TRADE_AUDIT_REP;M_REF_DATA;NUMBER;0;10;22
MXT_TRADE_AUDIT_REP;M_CNT_TYPO;CHAR;;;60
MXT_TRADE_CS_REP;TIMESTAMP;FLOAT;;126;22
MXT_TRADE_CS_REP;M_IDENTITY;NUMBER;0;10;22
MXT_TRADE_CS_REP;M_F_TYPELAB0;CHAR;;;30
MXT_TRADE_CS_REP;M_F_TYPELAB1;CHAR;;;30
MXT_TRADE_CS_REP;M_F_TYPELAB2;CHAR;;;30
MXT_TRADE_CS_REP;M_F_TYPELAB3;CHAR;;;30
MXT_TRADE_CS_REP;M_F_TYPELAB4;CHAR;;;30
MXT_TRADE_CS_REP;M_F_TYPENB;NUMBER;0;2;22
MXT_TRADE_CS_REP;M_F_VALUE;DATE;;;7
MXT_TRADE_CS_REP;M_H_EVENT;CHAR;;;30
MXT_TRADE_CS_REP;M_CNT_VS0;NUMBER;0;6;22
MXT_TRADE_CS_REP;M_CNT_VS1;NUMBER;0;6;22
MXT_TRADE_CS_REP;M_CNT_VS2;NUMBER;0;6;22
MXT_TRADE_CS_REP;M_CONTRACT;NUMBER;0;10;22
MXT_TRADE_CS_REP;M_F_AMOUNT;NUMBER;8;25;22
MXT_TRADE_CS_REP;M_F_CTRP;CHAR;;;45
MXT_TRADE_CS_REP;M_F_CURRENCY;CHAR;;;9
MXT_TRADE_CS_REP;M_F_TYPE;CHAR;;;30
MXT_TRADE_CS_REP;M_PKG_ORG;NUMBER;0;10;22
MXT_TRADE_CS_REP;M_PKG_VS0;NUMBER;0;6;22
MXT_TRADE_CS_REP;M_PKG_VS1;NUMBER;0;6;22
MXT_TRADE_CS_REP;M_PKG_VS2;NUMBER;0;6;22
MXT_TRADE_CS_REP;M_QTY_INDEX;NUMBER;0;3;22
MXT_TRADE_CS_REP;M_TP_CREATOR;NUMBER;0;10;22
MXT_TRADE_CS_REP;M_TP_DTESYS;DATE;;;7
MXT_TRADE_CS_REP;M_TP_DTETRN;DATE;;;7
MXT_TRADE_CS_REP;M_TP_ENTITY;CHAR;;;30
MXT_TRADE_CS_REP;M_TP_INITSD;CHAR;;;3
MXT_TRADE_CS_REP;M_TP_NBLTI;NUMBER;0;10;22
MXT_TRADE_CS_REP;M_TP_PFOLIO;CHAR;;;45
MXT_TRADE_CS_REP;M_TP_TIMSYS;CHAR;;;24
MXT_TRADE_CS_REP;M_TP_TRNTYPE;CHAR;;;90
MXT_TRADE_CS_REP;M_CMP_TYPO;CHAR;;;63
MXT_TRADE_CS_REP;M_CNTLEVTDT0;DATE;;;7
MXT_TRADE_CS_REP;M_CNTLEVTDT1;DATE;;;7
MXT_TRADE_CS_REP;M_CNTLEVTDT2;DATE;;;7
MXT_TRADE_CS_REP;M_CNT_ORG;NUMBER;0;10;22
MXT_TRADE_CS_REP;M_CNT_TYPO;CHAR;;;63
MXT_TRADE_CS_REP;M_REF_DATA;NUMBER;0;10;22
MXT_TRADE_CS_REP;M_MX_REF_JOB;NUMBER;0;10;22
MXT_TRADE_CS_REP;M_H_EVENT_T;CHAR;;;9
MXT_TRADE_CS_REP;M_H_EXT_DATE;DATE;;;7
MXT_TRADE_CS_REP;M_H_EXT_SEC;NUMBER;0;8;22
MXT_TRADE_CS_REP;M_H_EXT_TIME;CHAR;;;24
MXT_TRADE_CS_REP;M_H_RND_AMT;NUMBER;4;21;22
MXT_TRADE_CS_REP;M_H_SYS_DATE;DATE;;;7
MXT_TRADE_CS_REP;M_NB;NUMBER;0;10;22
MXT_TRADE_CS_REP;M_PACKAGE;NUMBER;0;10;22
MXT_TRADE_CS_REP;M_TP_CNTRP;CHAR;;;105
MXT_TRADE_FIX_REP;TIMESTAMP;FLOAT;;126;22
MXT_TRADE_FIX_REP;M_IDENTITY;NUMBER;0;10;22
MXT_TRADE_FIX_REP;M_H_EXT_SEC;NUMBER;0;8;22
MXT_TRADE_FIX_REP;M_H_EXT_TIME;CHAR;;;24
MXT_TRADE_FIX_REP;M_H_SYS_DATE;DATE;;;7
MXT_TRADE_FIX_REP;M_NB;NUMBER;0;10;22
MXT_TRADE_FIX_REP;M_PACKAGE;NUMBER;0;10;22
MXT_TRADE_FIX_REP;M_PKG_ORG;NUMBER;0;10;22
MXT_TRADE_FIX_REP;M_PKG_VS0;NUMBER;0;6;22
MXT_TRADE_FIX_REP;M_PKG_VS1;NUMBER;0;6;22
MXT_TRADE_FIX_REP;M_PKG_VS2;NUMBER;0;6;22
MXT_TRADE_FIX_REP;M_TP_DTESYS;DATE;;;7
MXT_TRADE_FIX_REP;M_TP_DTETRN;DATE;;;7
MXT_TRADE_FIX_REP;M_XG_FIXED;CHAR;;;3
MXT_TRADE_FIX_REP;M_XG_FIXING;DATE;;;7
MXT_TRADE_FIX_REP;M_XG_FIXKEY;CHAR;;;90
MXT_TRADE_FIX_REP;M_XG_FIXPDT;CHAR;;;30
MXT_TRADE_FIX_REP;M_XG_FIXRT1;NUMBER;9;22;22
MXT_TRADE_FIX_REP;M_XG_FIXWG1;NUMBER;5;20;22
MXT_TRADE_FIX_REP;M_XG_PAYMNT;DATE;;;7
MXT_TRADE_FIX_REP;M_REF_DATA;NUMBER;0;10;22
MXT_TRADE_FIX_REP;M_MX_REF_JOB;NUMBER;0;10;22
MXT_TRADE_FIX_REP;M_CMP_TYPO;CHAR;;;63
MXT_TRADE_FIX_REP;M_CNT_ORG;NUMBER;0;10;22
MXT_TRADE_FIX_REP;M_CNT_TYPO;CHAR;;;63
MXT_TRADE_FIX_REP;M_CNT_VS0;NUMBER;0;6;22
MXT_TRADE_FIX_REP;M_CNT_VS1;NUMBER;0;6;22
MXT_TRADE_FIX_REP;M_CNT_VS2;NUMBER;0;6;22
MXT_TRADE_FIX_REP;M_CONTRACT;NUMBER;0;10;22
MXT_TRADE_FIX_REP;M_H_EVENT;CHAR;;;9
MXT_TRADE_FIX_REP;M_H_EXT_DATE;DATE;;;7
MXT_TRADE_INTR_REP;M_TP_OBAR2;NUMBER;6;16;22
MXT_TRADE_INTR_REP;M_TP_OBARRB1;NUMBER;6;16;22
MXT_TRADE_INTR_REP;M_TP_OBARRB2;NUMBER;6;16;22
MXT_TRADE_INTR_REP;M_TP_OBARTYP;CHAR;;;60
MXT_TRADE_INTR_REP;M_TP_PFOLIO;CHAR;;;45
MXT_TRADE_INTR_REP;M_TP_PRCDDEN;CHAR;;;30
MXT_TRADE_INTR_REP;M_TP_DTEUNDD;DATE;;;7
MXT_TRADE_INTR_REP;M_TP_DVCS;CHAR;;;3
MXT_TRADE_INTR_REP;M_TP_ENTITY;CHAR;;;30
MXT_TRADE_INTR_REP;M_TP_FEE0;NUMBER;3;16;22
MXT_TRADE_INTR_REP;M_TP_FEE1;NUMBER;3;16;22
MXT_TRADE_INTR_REP;M_TP_FEE2;NUMBER;3;16;22
MXT_TRADE_INTR_REP;M_TP_FEE3;NUMBER;3;16;22
MXT_TRADE_INTR_REP;M_TP_FEECUR0;CHAR;;;9
MXT_TRADE_INTR_REP;M_TP_FEECUR1;CHAR;;;9
MXT_TRADE_INTR_REP;TIMESTAMP;FLOAT;;126;22
MXT_TRADE_INTR_REP;M_IDENTITY;NUMBER;0;10;22
MXT_TRADE_INTR_REP;M_H_DTE_AMD;DATE;;;7
MXT_TRADE_INTR_REP;M_TP_BROKER0;CHAR;;;45
MXT_TRADE_INTR_REP;M_TP_BROKER1;CHAR;;;45
MXT_TRADE_INTR_REP;M_TP_BROKER2;CHAR;;;45
MXT_TRADE_INTR_REP;M_TP_BROKER3;CHAR;;;45
MXT_TRADE_INTR_REP;M_TP_BUY;CHAR;;;3
MXT_TRADE_INTR_REP;M_TP_CLIENT;CHAR;;;45
MXT_TRADE_INTR_REP;M_H_SYS_DATE;DATE;;;7
MXT_TRADE_INTR_REP;M_INSTRUMENT;CHAR;;;105
MXT_TRADE_INTR_REP;M_MRPL_DATE;DATE;;;7
MXT_TRADE_INTR_REP;M_MRPL_ONB;NUMBER;0;10;22
MXT_TRADE_INTR_REP;M_NB;NUMBER;0;10;22
MXT_TRADE_INTR_REP;M_PACKAGE;NUMBER;0;10;22
MXT_TRADE_INTR_REP;M_PKG_ORG;NUMBER;0;10;22
MXT_TRADE_INTR_REP;M_PKG_VS0;NUMBER;0;6;22
MXT_TRADE_INTR_REP;M_PKG_VS1;NUMBER;0;6;22
MXT_TRADE_INTR_REP;M_PKG_VS2;NUMBER;0;6;22
MXT_TRADE_INTR_REP;M_CNT_ORG;NUMBER;0;10;22
MXT_TRADE_INTR_REP;M_CNT_TYPO;CHAR;;;63
MXT_TRADE_INTR_REP;M_CNT_VS0;NUMBER;0;6;22
MXT_TRADE_INTR_REP;M_CNT_VS1;NUMBER;0;6;22
MXT_TRADE_INTR_REP;M_CNT_VS2;NUMBER;0;6;22
MXT_TRADE_INTR_REP;M_CONTRACT;NUMBER;0;10;22
MXT_TRADE_INTR_REP;M_H_COMMENT1;CHAR;;;90
MXT_TRADE_INTR_REP;M_H_COMMENT2;CHAR;;;90
MXT_TRADE_INTR_REP;M_H_COMMENT3;CHAR;;;90
MXT_TRADE_INTR_REP;M_TP_PRCDFF;NUMBER;0;10;22
MXT_TRADE_INTR_REP;M_TP_PRCDNUM;CHAR;;;30
MXT_TRADE_INTR_REP;M_TP_PRICE;NUMBER;8;25;22
MXT_TRADE_INTR_REP;M_TP_PRICED;NUMBER;8;25;22
MXT_TRADE_INTR_REP;M_TP_PRICEDN;CHAR;;;60
MXT_TRADE_INTR_REP;M_TP_QTYEQ;NUMBER;8;24;22
MXT_TRADE_INTR_REP;M_TP_RTAMC00;NUMBER;2;16;22
MXT_TRADE_INTR_REP;M_TP_RTAMC01;NUMBER;2;16;22
MXT_TRADE_INTR_REP;M_TP_RTAMC02;NUMBER;2;16;22
MXT_TRADE_INTR_REP;M_TP_RTBUY;CHAR;;;3
MXT_TRADE_INTR_REP;M_TP_RTCAP0;NUMBER;2;19;22
MXT_TRADE_INTR_REP;M_TP_RTCUR0;CHAR;;;9
MXT_TRADE_INTR_REP;M_TP_RTDCC00;DATE;;;7
MXT_TRADE_INTR_REP;M_TP_RTDCC01;DATE;;;7
MXT_TRADE_INTR_REP;M_TP_RTDCC02;DATE;;;7
MXT_TRADE_INTR_REP;M_TP_RTDKC00;DATE;;;7
MXT_TRADE_INTR_REP;M_TP_RTDKC01;DATE;;;7
MXT_TRADE_INTR_REP;M_TP_RTDKC02;DATE;;;7
MXT_TRADE_INTR_REP;M_TP_RTDPC00;DATE;;;7
MXT_TRADE_INTR_REP;M_TP_RTDPC01;DATE;;;7
MXT_TRADE_INTR_REP;M_TP_FXBRRN;CHAR;;;9
MXT_TRADE_INTR_REP;M_TP_FXBRWED;DATE;;;7
MXT_TRADE_INTR_REP;M_TP_FXBRWSD;DATE;;;7
MXT_TRADE_INTR_REP;M_TP_FXCPCUR;CHAR;;;9
MXT_TRADE_INTR_REP;M_TP_FXQTOCU;CHAR;;;9
MXT_TRADE_INTR_REP;M_TP_FXQTOR;NUMBER;4;11;22
MXT_TRADE_INTR_REP;M_TP_FXQTORD;CHAR;;;9
MXT_TRADE_INTR_REP;M_TP_RTDPC02;DATE;;;7
MXT_TRADE_INTR_REP;M_TP_RTFV0;CHAR;;;3
MXT_TRADE_INTR_REP;M_TP_RTMCNV0;CHAR;;;45
MXT_TRADE_INTR_REP;M_TP_RTMRTE0;NUMBER;6;19;22
MXT_TRADE_INTR_REP;M_TP_RTPR0;CHAR;;;3
MXT_TRADE_INTR_REP;M_TP_RTVLC00;NUMBER;6;19;22
MXT_TRADE_INTR_REP;M_TP_RTVLC01;NUMBER;6;19;22
MXT_TRADE_INTR_REP;M_TP_RTVLC02;NUMBER;6;19;22
MXT_TRADE_INTR_REP;M_TP_SMAMT;NUMBER;2;16;22
MXT_TRADE_INTR_REP;M_TP_SMCUR;CHAR;;;9
MXT_TRADE_INTR_REP;M_TP_FEECUR2;CHAR;;;9
MXT_TRADE_INTR_REP;M_TP_FEECUR3;CHAR;;;9
MXT_TRADE_INTR_REP;M_TP_FEESRC0;CHAR;;;45
MXT_TRADE_INTR_REP;M_TP_FEESRC1;CHAR;;;45
MXT_TRADE_INTR_REP;M_TP_FEESRC2;CHAR;;;45
MXT_TRADE_INTR_REP;M_TP_FEESRC3;CHAR;;;45
MXT_TRADE_INTR_REP;M_TP_FEETYP0;CHAR;;;30
MXT_TRADE_INTR_REP;M_TP_FEETYP1;CHAR;;;30
MXT_TRADE_INTR_REP;M_TP_FEETYP2;CHAR;;;30
MXT_TRADE_INTR_REP;M_TP_FEETYP3;CHAR;;;30
MXT_TRADE_INTR_REP;M_TP_FXBASE;CHAR;;;9
MXT_TRADE_INTR_REP;M_TP_CNTRP;CHAR;;;105
MXT_TRADE_INTR_REP;M_TP_CP;CHAR;;;3
MXT_TRADE_INTR_REP;M_TP_CREATOR;NUMBER;0;10;22
MXT_TRADE_INTR_REP;M_TP_CUTOFF;CHAR;;;30
MXT_TRADE_INTR_REP;M_TP_DIGPAY;NUMBER;2;16;22
MXT_TRADE_INTR_REP;M_TP_DIGPAYC;CHAR;;;9
MXT_TRADE_INTR_REP;M_TP_DSCEXO;CHAR;;;3
MXT_TRADE_INTR_REP;M_TP_DSCEXO0;CHAR;;;90
MXT_TRADE_INTR_REP;M_TP_DSCEXO1;CHAR;;;90
MXT_TRADE_INTR_REP;M_TP_DSCEXO2;CHAR;;;90
MXT_TRADE_INTR_REP;M_QTY_INDEX;NUMBER;0;3;22
MXT_TRADE_INTR_REP;M_TP_AE;CHAR;;;3
MXT_TRADE_INTR_REP;M_TP_OBAR1;NUMBER;6;16;22
MXT_TRADE_INTR_REP;M_MX_REF_JOB;NUMBER;0;10;22
MXT_TRADE_INTR_REP;M_CMP_TYPO;CHAR;;;63
MXT_TRADE_INTR_REP;M_TP_FXQTORF;NUMBER;0;10;22
MXT_TRADE_INTR_REP;M_TP_FXQTORN;CHAR;;;9
MXT_TRADE_INTR_REP;M_TP_FXRTCHD;DATE;;;7
MXT_TRADE_INTR_REP;M_TP_FXSTDEN;CHAR;;;9
MXT_TRADE_INTR_REP;M_TP_FXSTFF;NUMBER;0;5;22
MXT_TRADE_INTR_REP;M_TP_FXSTNUM;CHAR;;;9
MXT_TRADE_INTR_REP;M_TP_FXSWP;NUMBER;8;14;22
MXT_TRADE_INTR_REP;M_TP_FXUND;CHAR;;;9
MXT_TRADE_INTR_REP;M_TP_FXUST;NUMBER;6;12;22
MXT_TRADE_INTR_REP;M_TP_FXUSTDE;CHAR;;;9
MXT_TRADE_INTR_REP;M_TP_DSCTYPE;CHAR;;;90
MXT_TRADE_INTR_REP;M_TP_DTEEXP;DATE;;;7
MXT_TRADE_INTR_REP;M_TP_DTEFXGF;DATE;;;7
MXT_TRADE_INTR_REP;M_TP_DTEFXGL;DATE;;;7
MXT_TRADE_INTR_REP;M_TP_DTELBL;CHAR;;;48
MXT_TRADE_INTR_REP;M_TP_DTEPMT;DATE;;;7
MXT_TRADE_INTR_REP;M_TP_DTESYS;DATE;;;7
MXT_TRADE_INTR_REP;M_TP_DTETRN;DATE;;;7
MXT_TRADE_INTR_REP;M_TP_DTEUND;DATE;;;7
MXT_TRADE_INTR_REP;M_TRN_GRP;CHAR;;;15
MXT_TRADE_INTR_REP;M_TRN_TYPE;CHAR;;;15
MXT_TRADE_INTR_REP;M_TP_FXBRRD;CHAR;;;9
MXT_TRADE_INTR_REP;M_TP_FXBRRFF;NUMBER;0;10;22
MXT_TRADE_INTR_REP;M_H_EVENT;CHAR;;;30
MXT_TRADE_INTR_REP;M_H_EVENT_T;CHAR;;;9
MXT_TRADE_INTR_REP;M_H_EXT_DATE;DATE;;;7
MXT_TRADE_INTR_REP;M_H_EXT_SEC;NUMBER;0;8;22
MXT_TRADE_INTR_REP;M_H_EXT_TIME;CHAR;;;24
MXT_TRADE_INTR_REP;M_H_MOP_ST;CHAR;;;30
MXT_TRADE_INTR_REP;M_H_MRPLFLAG;CHAR;;;3
MXT_TRADE_INTR_REP;M_H_MRPL_ONB;NUMBER;0;10;22
MXT_TRADE_INTR_REP;M_TP_SMRTE;NUMBER;11;24;22
MXT_TRADE_INTR_REP;M_TP_SPTFWD;CHAR;;;3
MXT_TRADE_INTR_REP;M_TP_STAT32;CHAR;;;30
MXT_TRADE_INTR_REP;M_TP_STRIKE;NUMBER;8;18;22
MXT_TRADE_INTR_REP;M_TP_STRIKEN;CHAR;;;60
MXT_TRADE_INTR_REP;M_TP_STRTGY;CHAR;;;45
MXT_TRADE_INTR_REP;M_TP_TIMSYS;CHAR;;;24
MXT_TRADE_INTR_REP;M_TP_TRADER;CHAR;;;30
MXT_TRADE_INTR_REP;M_TP_UQTY;CHAR;;;30
MXT_TRADE_INTR_REP;M_TP_UQTYEQ;CHAR;;;30
MXT_TRADE_INTR_REP;M_TRN_FMLY;CHAR;;;15
MXT_TRADE_INTR_REP;M_REF_DATA;NUMBER;0;10;22
MXT_TRADE_INTR_REP;M_TP_FXUSTFF;NUMBER;0;5;22
MXT_TRADE_INTR_REP;M_TP_FXUSTNU;CHAR;;;9
MXT_TRADE_INTR_REP;M_TP_INITSD;CHAR;;;3
MXT_TRADE_INTR_REP;M_TP_INT;CHAR;;;3
MXT_TRADE_INTR_REP;M_TP_IPAY;NUMBER;8;22;22
MXT_TRADE_INTR_REP;M_TP_IPAYCUR;CHAR;;;9
MXT_TRADE_INTR_REP;M_TP_IPAYDTE;DATE;;;7
MXT_TRADE_INTR_REP;M_TP_IQTY;NUMBER;8;24;22
MXT_TRADE_INTR_REP;M_TP_MKTNDX;CHAR;;;120
MXT_TRADE_INTR_REP;M_TP_MOPLST;NUMBER;0;3;22
MXT_TRADE_INTR_REP;M_TP_MOPLSTD;DATE;;;7
MXT_TRADE_INTR_REP;M_TP_MOPLSTL;CHAR;;;150
MXT_TRADE_INTR_REP;M_TP_NBLTI;NUMBER;0;10;22
MXT_TRADE_INTR_REP;M_TP_NOMCUR;CHAR;;;9
MXT_TRADE_PAY_REP;M_DF_TPARTY;CHAR;;;105
MXT_TRADE_PAY_REP;M_DF_TYPE0;CHAR;;;12
MXT_TRADE_PAY_REP;M_DF_CNTVER;NUMBER;0;6;22
MXT_TRADE_PAY_REP;M_DF_TYPE1;CHAR;;;12
MXT_TRADE_PAY_REP;TIMESTAMP;FLOAT;;126;22
MXT_TRADE_PAY_REP;M_IDENTITY;NUMBER;0;10;22
MXT_TRADE_PAY_REP;M_DF_TRDREF;NUMBER;0;10;22
MXT_TRADE_PAY_REP;M_DF_QTY;NUMBER;8;24;22
MXT_TRADE_PAY_REP;M_DF_REV;CHAR;;;24
MXT_TRADE_PAY_REP;M_DF_OCNTREF;NUMBER;0;10;22
MXT_TRADE_PAY_REP;M_DF_TYPE3;CHAR;;;12
MXT_TRADE_PAY_REP;M_DF_CMPDATE;DATE;;;7
MXT_TRADE_PAY_REP;M_DF_TYPE2;CHAR;;;12
MXT_TRADE_PAY_REP;M_DF_STATUS;CHAR;;;60
MXT_TRADE_PAY_REP;M_DC_CUR;CHAR;;;9
MXT_TRADE_PAY_REP;M_DF_PR;CHAR;;;3
MXT_TRADE_PAY_REP;M_REF_DATA;NUMBER;0;10;22
MXT_TRADE_PAY_REP;M_DF_ENT;CHAR;;;30
MXT_TRADE_PAY_REP;M_DF_ADATE;DATE;;;7
MXT_TRADE_PAY_REP;M_DF_LDATE;DATE;;;7
MXT_TRADE_PAY_REP;M_MX_REF_JOB;NUMBER;0;10;22
MXT_TRADE_PAY_REP;M_DF_VDATE;DATE;;;7
MXT_TRADE_PAY_REP;M_DF_PTF;CHAR;;;105
MXT_TRADE_PAY_REP;M_DF_TYPE4;CHAR;;;12
MXT_TRADE_PAY_REP;M_DF_EVTCL;CHAR;;;765
MXT_TRADE_PAY_REP;M_DF_CREF;NUMBER;0;10;22
MXT_TRADE_PAY_REP;M_DF_CNTREF;NUMBER;0;10;22
MXT_TRADE_PAY_REP;M_DC_RNDQTY;NUMBER;8;24;22
MXT_TRADE_PAY_REP;M_DF_TTYPE;CHAR;;;30
MXT_TRADE_PAY_REP;M_DF_DATE;DATE;;;7
MXT_TRADE_PAY_REP;M_DF_TTYPO;CHAR;;;60
MXT_TRADE_REP;TIMESTAMP;FLOAT;;126;22
MXT_TRADE_REP;M_IDENTITY;NUMBER;0;10;22
MXT_TRADE_REP;M_TP_IPAYCV;NUMBER;8;22;22
MXT_TRADE_REP;M_TP_IPAYCVC;CHAR;;;9
MXT_TRADE_REP;M_TP_IPAYDTE;DATE;;;7
MXT_TRADE_REP;M_TP_IQTY;NUMBER;8;24;22
MXT_TRADE_REP;M_TP_LQTY2;NUMBER;8;24;22
MXT_TRADE_REP;M_TP_MKTNDX;CHAR;;;120
MXT_TRADE_REP;M_TP_DSCEXO0;CHAR;;;90
MXT_TRADE_REP;M_TP_DSCEXO1;CHAR;;;90
MXT_TRADE_REP;M_TP_DSCEXO2;CHAR;;;90
MXT_TRADE_REP;M_TP_DSCTYPE;CHAR;;;90
MXT_TRADE_REP;M_TP_DTEEXP;DATE;;;7
MXT_TRADE_REP;M_TP_DTEFXGF;DATE;;;7
MXT_TRADE_REP;M_TP_FEESRC2;CHAR;;;45
MXT_TRADE_REP;M_TP_FEESRC3;CHAR;;;45
MXT_TRADE_REP;M_TP_FEETYP0;CHAR;;;30
MXT_TRADE_REP;M_TP_FEETYP1;CHAR;;;30
MXT_TRADE_REP;M_TP_FEETYP2;CHAR;;;30
MXT_TRADE_REP;M_TP_FEETYP3;CHAR;;;30
MXT_TRADE_REP;M_TP_STRTGY;CHAR;;;45
MXT_TRADE_REP;M_TP_TIMSYS;CHAR;;;24
MXT_TRADE_REP;M_TP_TRADER;CHAR;;;30
MXT_TRADE_REP;M_TP_UQTY;CHAR;;;30
MXT_TRADE_REP;M_TP_UQTYEQ;CHAR;;;30
MXT_TRADE_REP;M_TRN_FMLY;CHAR;;;15
MXT_TRADE_REP;M_TRN_GRP;CHAR;;;15
MXT_TRADE_REP;M_TRN_TYPE;CHAR;;;15
MXT_TRADE_REP;M_TP_MOPLST;NUMBER;0;3;22
MXT_TRADE_REP;M_TP_MOPLSTD;DATE;;;7
MXT_TRADE_REP;M_TP_DTEPMT;DATE;;;7
MXT_TRADE_REP;M_TP_DTESYS;DATE;;;7
MXT_TRADE_REP;M_TP_DTETRN;DATE;;;7
MXT_TRADE_REP;M_TP_DTEUND;DATE;;;7
MXT_TRADE_REP;M_TP_DTEUNDD;DATE;;;7
MXT_TRADE_REP;M_TP_OBARRB1;NUMBER;6;16;22
MXT_TRADE_REP;M_TP_OBARRB2;NUMBER;6;16;22
MXT_TRADE_REP;M_TP_OBARTYP;CHAR;;;60
MXT_TRADE_REP;M_TP_PFOLIO;CHAR;;;45
MXT_TRADE_REP;M_TP_PRCDDEN;CHAR;;;30
MXT_TRADE_REP;M_TP_PRCDFF;NUMBER;0;10;22
MXT_TRADE_REP;M_REF_DATA;NUMBER;0;10;22
MXT_TRADE_REP;M_MX_REF_JOB;NUMBER;0;10;22
MXT_TRADE_REP;M_TP_FXBASE;CHAR;;;9
MXT_TRADE_REP;M_TP_FXBRRD;CHAR;;;9
MXT_TRADE_REP;M_TP_FXBRRFF;NUMBER;0;10;22
MXT_TRADE_REP;M_TP_FXBRRN;CHAR;;;9
MXT_TRADE_REP;M_TP_FXBRWED;DATE;;;7
MXT_TRADE_REP;M_TP_FXBRWSD;DATE;;;7
MXT_TRADE_REP;M_TP_FXCPCUR;CHAR;;;9
MXT_TRADE_REP;M_TP_BROKER1;CHAR;;;45
MXT_TRADE_REP;M_TP_BROKER2;CHAR;;;45
MXT_TRADE_REP;M_TP_BROKER3;CHAR;;;45
MXT_TRADE_REP;M_TP_BUY;CHAR;;;3
MXT_TRADE_REP;M_TP_CLIENT;CHAR;;;45
MXT_TRADE_REP;M_TP_CNTRP;CHAR;;;105
MXT_TRADE_REP;M_TP_RTDCC02;DATE;;;7
MXT_TRADE_REP;M_TP_RTDKC00;DATE;;;7
MXT_TRADE_REP;M_TP_RTDKC01;DATE;;;7
MXT_TRADE_REP;M_TP_RTDKC02;DATE;;;7
MXT_TRADE_REP;M_TP_RTDPC00;DATE;;;7
MXT_TRADE_REP;M_TP_RTDPC01;DATE;;;7
MXT_TRADE_REP;M_TP_RTDPC02;DATE;;;7
MXT_TRADE_REP;M_TP_PRICE;NUMBER;8;25;22
MXT_TRADE_REP;M_TP_PRICED;NUMBER;8;25;22
MXT_TRADE_REP;M_TP_PRICEDN;CHAR;;;60
MXT_TRADE_REP;M_TP_FEE1;NUMBER;3;16;22
MXT_TRADE_REP;M_TP_FEE2;NUMBER;3;16;22
MXT_TRADE_REP;M_TP_FEE3;NUMBER;3;16;22
MXT_TRADE_REP;M_TP_CP;CHAR;;;3
MXT_TRADE_REP;M_TP_CREATOR;NUMBER;0;10;22
MXT_TRADE_REP;M_TP_CUTOFF;CHAR;;;30
MXT_TRADE_REP;M_TP_DIGPAY;NUMBER;2;16;22
MXT_TRADE_REP;M_TP_DIGPAYC;CHAR;;;9
MXT_TRADE_REP;M_TP_DSCEXO;CHAR;;;3
MXT_TRADE_REP;M_TP_DTEFXGL;DATE;;;7
MXT_TRADE_REP;M_TP_DTELBL;CHAR;;;48
MXT_TRADE_REP;M_TP_NBLTI;NUMBER;0;10;22
MXT_TRADE_REP;M_TP_NOMCUR;CHAR;;;9
MXT_TRADE_REP;M_TP_OBAR1;NUMBER;6;16;22
MXT_TRADE_REP;M_TP_OBAR2;NUMBER;6;16;22
MXT_TRADE_REP;M_TP_PRCDNUM;CHAR;;;30
MXT_TRADE_REP;M_TP_FXQTOCU;CHAR;;;9
MXT_TRADE_REP;M_TP_FXQTOR;NUMBER;4;11;22
MXT_TRADE_REP;M_TP_FXQTORD;CHAR;;;9
MXT_TRADE_REP;M_TP_FXQTORF;NUMBER;0;10;22
MXT_TRADE_REP;M_TP_FXQTORN;CHAR;;;9
MXT_TRADE_REP;M_TP_FXRTCHD;DATE;;;7
MXT_TRADE_REP;M_TP_FXUSTFF;NUMBER;0;5;22
MXT_TRADE_REP;M_TP_FXUSTNU;CHAR;;;9
MXT_TRADE_REP;M_TP_INITSD;CHAR;;;3
MXT_TRADE_REP;M_TP_INT;CHAR;;;3
MXT_TRADE_REP;M_TP_IPAY;NUMBER;8;22;22
MXT_TRADE_REP;M_TP_IPAYCUR;CHAR;;;9
MXT_TRADE_REP;M_H_SYS_DATE;DATE;;;7
MXT_TRADE_REP;M_INSTRUMENT;CHAR;;;105
MXT_TRADE_REP;M_NB;NUMBER;0;10;22
MXT_TRADE_REP;M_PACKAGE;NUMBER;0;10;22
MXT_TRADE_REP;M_PKG_ORG;NUMBER;0;10;22
MXT_TRADE_REP;M_PKG_VS0;NUMBER;0;6;22
MXT_TRADE_REP;M_PKG_VS1;NUMBER;0;6;22
MXT_TRADE_REP;M_PKG_VS2;NUMBER;0;6;22
MXT_TRADE_REP;M_QTY_INDEX;NUMBER;0;3;22
MXT_TRADE_REP;M_TP_AE;CHAR;;;3
MXT_TRADE_REP;M_TP_BROKER0;CHAR;;;45
MXT_TRADE_REP;M_TP_DVCS;CHAR;;;3
MXT_TRADE_REP;M_TP_ENTITY;CHAR;;;30
MXT_TRADE_REP;M_TP_FEE0;NUMBER;3;16;22
MXT_TRADE_REP;M_TP_MOPLSTL;CHAR;;;150
MXT_TRADE_REP;M_TP_QTYEQ;NUMBER;8;24;22
MXT_TRADE_REP;M_TP_RTAMC00;NUMBER;2;16;22
MXT_TRADE_REP;M_TP_RTAMC01;NUMBER;2;16;22
MXT_TRADE_REP;M_TP_RTFV0;CHAR;;;3
MXT_TRADE_REP;M_TP_RTMCNV0;CHAR;;;45
MXT_TRADE_REP;M_TP_RTMRTE0;NUMBER;6;19;22
MXT_TRADE_REP;M_TP_RTPR0;CHAR;;;3
MXT_TRADE_REP;M_TP_RTVLC00;NUMBER;6;19;22
MXT_TRADE_REP;M_TP_RTVLC01;NUMBER;6;19;22
MXT_TRADE_REP;M_TP_RTVLC02;NUMBER;6;19;22
MXT_TRADE_REP;M_WWR;CHAR;;;15
MXT_TRADE_REP;M_XAMOUNT;NUMBER;2;16;22
MXT_TRADE_REP;M_XCSTRIKE;NUMBER;8;18;22
MXT_TRADE_REP;M_XC_P;CHAR;;;15
MXT_TRADE_REP;M_XDELIV;DATE;;;7
MXT_TRADE_REP;M_XEXP;DATE;;;7
MXT_TRADE_REP;M_XORIG_AMT;NUMBER;2;16;22
MXT_TRADE_REP;M_TP_SMAMT;NUMBER;2;16;22
MXT_TRADE_REP;M_TP_SMCUR;CHAR;;;9
MXT_TRADE_REP;M_TP_SMRTE;NUMBER;11;24;22
MXT_TRADE_REP;M_TP_SPTFWD;CHAR;;;3
MXT_TRADE_REP;M_TP_STAT32;CHAR;;;30
MXT_TRADE_REP;M_TP_STRIKE;NUMBER;8;18;22
MXT_TRADE_REP;M_TP_STRIKEN;CHAR;;;60
MXT_TRADE_REP;M_TP_FXSTDEN;CHAR;;;9
MXT_TRADE_REP;M_TP_FXSTFF;NUMBER;0;5;22
MXT_TRADE_REP;M_TP_FXSTNUM;CHAR;;;9
MXT_TRADE_REP;M_TP_FXSWP;NUMBER;8;14;22
MXT_TRADE_REP;M_TP_FXUND;CHAR;;;9
MXT_TRADE_REP;M_TP_FXUST;NUMBER;6;12;22
MXT_TRADE_REP;M_TP_FXUSTDE;CHAR;;;9
MXT_TRADE_REP;M_TP_FEECUR0;CHAR;;;9
MXT_TRADE_REP;M_TP_FEECUR1;CHAR;;;9
MXT_TRADE_REP;M_TP_FEECUR2;CHAR;;;9
MXT_TRADE_REP;M_TP_FEECUR3;CHAR;;;9
MXT_TRADE_REP;M_TP_FEESRC0;CHAR;;;45
MXT_TRADE_REP;M_TP_FEESRC1;CHAR;;;45
MXT_TRADE_REP;M_XPAYMTH;CHAR;;;60
MXT_TRADE_REP;M_XPOPTFPRIC;NUMBER;7;14;22
MXT_TRADE_REP;M_XRISK_QUOT;CHAR;;;21
MXT_TRADE_REP;M_H_EVENT_T;CHAR;;;9
MXT_TRADE_REP;M_H_EXT_DATE;DATE;;;7
MXT_TRADE_REP;M_H_EXT_SEC;NUMBER;0;8;22
MXT_TRADE_REP;M_H_EXT_TIME;CHAR;;;24
MXT_TRADE_REP;M_H_MOP_ST;CHAR;;;30
MXT_TRADE_REP;M_TP_RTAMC02;NUMBER;2;16;22
MXT_TRADE_REP;M_TP_RTBUY;CHAR;;;3
MXT_TRADE_REP;M_TP_RTCAP0;NUMBER;2;19;22
MXT_TRADE_REP;M_TP_RTCUR0;CHAR;;;9
MXT_TRADE_REP;M_TP_RTDCC00;DATE;;;7
MXT_TRADE_REP;M_TP_RTDCC01;DATE;;;7
MXT_TRADE_REP;M_CMP_TYPO;CHAR;;;63
MXT_TRADE_REP;M_CNT_ORG;NUMBER;0;10;22
MXT_TRADE_REP;M_CNT_TYPO;CHAR;;;63
MXT_TRADE_REP;M_CNT_VS0;NUMBER;0;6;22
MXT_TRADE_REP;M_CNT_VS1;NUMBER;0;6;22
MXT_TRADE_REP;M_CNT_VS2;NUMBER;0;6;22
MXT_TRADE_REP;M_CONTRACT;NUMBER;0;10;22
MXT_TRADE_REP;M_H_COMMENT1;CHAR;;;90
MXT_TRADE_REP;M_H_COMMENT2;CHAR;;;90
MXT_TRADE_REP;M_H_COMMENT3;CHAR;;;90
MXT_TRADE_REP;M_H_EVENT;CHAR;;;30
MXT_TRADE_REP;M_X_DSCEXO0;NUMBER;4;10;22
MXT_TRADE_REP;M_H_BROKER;CHAR;;;30
MXT_TRADE_REP_INTRADAY;M_TP_AE;CHAR;;;3
MXT_TRADE_REP_INTRADAY;M_TP_BROKER0;CHAR;;;45
MXT_TRADE_REP_INTRADAY;M_TP_DVCS;CHAR;;;3
MXT_TRADE_REP_INTRADAY;M_TP_ENTITY;CHAR;;;30
MXT_TRADE_REP_INTRADAY;M_TP_FEE0;NUMBER;3;16;22
MXT_TRADE_REP_INTRADAY;M_TP_FEE1;NUMBER;3;16;22
MXT_TRADE_REP_INTRADAY;M_TP_FEE2;NUMBER;3;16;22
MXT_TRADE_REP_INTRADAY;M_TP_FEE3;NUMBER;3;16;22
MXT_TRADE_REP_INTRADAY;M_TP_PRICED;NUMBER;8;25;22
MXT_TRADE_REP_INTRADAY;M_TP_PRICEDN;CHAR;;;60
MXT_TRADE_REP_INTRADAY;M_TP_QTYEQ;NUMBER;8;24;22
MXT_TRADE_REP_INTRADAY;M_TP_RTAMC00;NUMBER;2;16;22
MXT_TRADE_REP_INTRADAY;M_TP_RTAMC01;NUMBER;2;16;22
MXT_TRADE_REP_INTRADAY;M_TP_RTFV0;CHAR;;;3
MXT_TRADE_REP_INTRADAY;M_TP_RTMCNV0;CHAR;;;45
MXT_TRADE_REP_INTRADAY;M_TP_RTMRTE0;NUMBER;6;19;22
MXT_TRADE_REP_INTRADAY;M_TP_RTPR0;CHAR;;;3
MXT_TRADE_REP_INTRADAY;M_TP_RTVLC00;NUMBER;6;19;22
MXT_TRADE_REP_INTRADAY;M_TP_RTVLC01;NUMBER;6;19;22
MXT_TRADE_REP_INTRADAY;M_TP_RTVLC02;NUMBER;6;19;22
MXT_TRADE_REP_INTRADAY;M_WWR;CHAR;;;15
MXT_TRADE_REP_INTRADAY;M_XAMOUNT;NUMBER;2;16;22
MXT_TRADE_REP_INTRADAY;M_XCSTRIKE;NUMBER;8;18;22
MXT_TRADE_REP_INTRADAY;M_XC_P;CHAR;;;15
MXT_TRADE_REP_INTRADAY;M_XDELIV;DATE;;;7
MXT_TRADE_REP_INTRADAY;M_XEXP;DATE;;;7
MXT_TRADE_REP_INTRADAY;M_XORIG_AMT;NUMBER;2;16;22
MXT_TRADE_REP_INTRADAY;M_TP_SMAMT;NUMBER;2;16;22
MXT_TRADE_REP_INTRADAY;M_TP_SMCUR;CHAR;;;9
MXT_TRADE_REP_INTRADAY;M_TP_SMRTE;NUMBER;11;24;22
MXT_TRADE_REP_INTRADAY;M_TP_SPTFWD;CHAR;;;3
MXT_TRADE_REP_INTRADAY;M_TP_STAT32;CHAR;;;30
MXT_TRADE_REP_INTRADAY;M_TP_STRIKE;NUMBER;8;18;22
MXT_TRADE_REP_INTRADAY;M_TP_STRIKEN;CHAR;;;60
MXT_TRADE_REP_INTRADAY;M_TP_FXSTDEN;CHAR;;;9
MXT_TRADE_REP_INTRADAY;M_TP_FXSTFF;NUMBER;0;5;22
MXT_TRADE_REP_INTRADAY;M_TP_FXSTNUM;CHAR;;;9
MXT_TRADE_REP_INTRADAY;M_TP_FXSWP;NUMBER;8;14;22
MXT_TRADE_REP_INTRADAY;M_TP_FXUND;CHAR;;;9
MXT_TRADE_REP_INTRADAY;M_TP_FXUST;NUMBER;6;12;22
MXT_TRADE_REP_INTRADAY;M_TP_FXUSTDE;CHAR;;;9
MXT_TRADE_REP_INTRADAY;M_TP_FEECUR0;CHAR;;;9
MXT_TRADE_REP_INTRADAY;M_TP_FEECUR1;CHAR;;;9
MXT_TRADE_REP_INTRADAY;M_TP_FEECUR2;CHAR;;;9
MXT_TRADE_REP_INTRADAY;M_TP_FEECUR3;CHAR;;;9
MXT_TRADE_REP_INTRADAY;M_TP_FEESRC0;CHAR;;;45
MXT_TRADE_REP_INTRADAY;M_TP_FEESRC1;CHAR;;;45
MXT_TRADE_REP_INTRADAY;M_XPAYMTH;CHAR;;;60
MXT_TRADE_REP_INTRADAY;TIMESTAMP;FLOAT;;126;22
MXT_TRADE_REP_INTRADAY;M_IDENTITY;NUMBER;0;10;22
MXT_TRADE_REP_INTRADAY;M_TP_IPAYCV;NUMBER;8;22;22
MXT_TRADE_REP_INTRADAY;M_TP_IPAYCVC;CHAR;;;9
MXT_TRADE_REP_INTRADAY;M_PACKAGE;NUMBER;0;10;22
MXT_TRADE_REP_INTRADAY;M_PKG_ORG;NUMBER;0;10;22
MXT_TRADE_REP_INTRADAY;M_PKG_VS0;NUMBER;0;6;22
MXT_TRADE_REP_INTRADAY;M_PKG_VS1;NUMBER;0;6;22
MXT_TRADE_REP_INTRADAY;M_PKG_VS2;NUMBER;0;6;22
MXT_TRADE_REP_INTRADAY;M_QTY_INDEX;NUMBER;0;3;22
MXT_TRADE_REP_INTRADAY;M_TP_UQTY;CHAR;;;30
MXT_TRADE_REP_INTRADAY;M_TP_UQTYEQ;CHAR;;;30
MXT_TRADE_REP_INTRADAY;M_TRN_FMLY;CHAR;;;15
MXT_TRADE_REP_INTRADAY;M_TRN_GRP;CHAR;;;15
MXT_TRADE_REP_INTRADAY;M_TRN_TYPE;CHAR;;;15
MXT_TRADE_REP_INTRADAY;M_TP_MOPLST;NUMBER;0;3;22
MXT_TRADE_REP_INTRADAY;M_TP_MOPLSTD;DATE;;;7
MXT_TRADE_REP_INTRADAY;M_TP_MOPLSTL;CHAR;;;150
MXT_TRADE_REP_INTRADAY;M_TP_NBLTI;NUMBER;0;10;22
MXT_TRADE_REP_INTRADAY;M_TP_NOMCUR;CHAR;;;9
MXT_TRADE_REP_INTRADAY;M_TP_OBAR1;NUMBER;6;16;22
MXT_TRADE_REP_INTRADAY;M_TP_OBAR2;NUMBER;6;16;22
MXT_TRADE_REP_INTRADAY;M_TP_PRCDNUM;CHAR;;;30
MXT_TRADE_REP_INTRADAY;M_TP_FXQTOCU;CHAR;;;9
MXT_TRADE_REP_INTRADAY;M_TP_FXQTOR;NUMBER;4;11;22
MXT_TRADE_REP_INTRADAY;M_TP_FXQTORD;CHAR;;;9
MXT_TRADE_REP_INTRADAY;M_TP_FXQTORF;NUMBER;0;10;22
MXT_TRADE_REP_INTRADAY;M_TP_FXQTORN;CHAR;;;9
MXT_TRADE_REP_INTRADAY;M_TP_FXRTCHD;DATE;;;7
MXT_TRADE_REP_INTRADAY;M_TP_FXUSTFF;NUMBER;0;5;22
MXT_TRADE_REP_INTRADAY;M_TP_FXUSTNU;CHAR;;;9
MXT_TRADE_REP_INTRADAY;M_TP_INITSD;CHAR;;;3
MXT_TRADE_REP_INTRADAY;M_TP_INT;CHAR;;;3
MXT_TRADE_REP_INTRADAY;M_TP_IPAY;NUMBER;8;22;22
MXT_TRADE_REP_INTRADAY;M_TP_IPAYCUR;CHAR;;;9
MXT_TRADE_REP_INTRADAY;M_H_SYS_DATE;DATE;;;7
MXT_TRADE_REP_INTRADAY;M_INSTRUMENT;CHAR;;;105
MXT_TRADE_REP_INTRADAY;M_NB;NUMBER;0;10;22
MXT_TRADE_REP_INTRADAY;M_XPOPTFPRIC;NUMBER;7;14;22
MXT_TRADE_REP_INTRADAY;M_XRISK_QUOT;CHAR;;;21
MXT_TRADE_REP_INTRADAY;M_H_EVENT_T;CHAR;;;9
MXT_TRADE_REP_INTRADAY;M_H_EXT_DATE;DATE;;;7
MXT_TRADE_REP_INTRADAY;M_H_EXT_SEC;NUMBER;0;8;22
MXT_TRADE_REP_INTRADAY;M_H_EXT_TIME;CHAR;;;24
MXT_TRADE_REP_INTRADAY;M_H_MOP_ST;CHAR;;;30
MXT_TRADE_REP_INTRADAY;M_TP_RTAMC02;NUMBER;2;16;22
MXT_TRADE_REP_INTRADAY;M_TP_RTBUY;CHAR;;;3
MXT_TRADE_REP_INTRADAY;M_TP_RTCAP0;NUMBER;2;19;22
MXT_TRADE_REP_INTRADAY;M_TP_RTCUR0;CHAR;;;9
MXT_TRADE_REP_INTRADAY;M_TP_RTDCC00;DATE;;;7
MXT_TRADE_REP_INTRADAY;M_TP_RTDCC01;DATE;;;7
MXT_TRADE_REP_INTRADAY;M_CMP_TYPO;CHAR;;;63
MXT_TRADE_REP_INTRADAY;M_CNT_ORG;NUMBER;0;10;22
MXT_TRADE_REP_INTRADAY;M_CNT_TYPO;CHAR;;;63
MXT_TRADE_REP_INTRADAY;M_TP_CP;CHAR;;;3
MXT_TRADE_REP_INTRADAY;M_TP_CREATOR;NUMBER;0;10;22
MXT_TRADE_REP_INTRADAY;M_TP_CUTOFF;CHAR;;;30
MXT_TRADE_REP_INTRADAY;M_TP_DIGPAY;NUMBER;2;16;22
MXT_TRADE_REP_INTRADAY;M_TP_DIGPAYC;CHAR;;;9
MXT_TRADE_REP_INTRADAY;M_TP_DSCEXO;CHAR;;;3
MXT_TRADE_REP_INTRADAY;M_TP_DTEFXGL;DATE;;;7
MXT_TRADE_REP_INTRADAY;M_TP_DTELBL;CHAR;;;48
MXT_TRADE_REP_INTRADAY;M_TP_DTEPMT;DATE;;;7
MXT_TRADE_REP_INTRADAY;M_TP_DTESYS;DATE;;;7
MXT_TRADE_REP_INTRADAY;M_TP_DTETRN;DATE;;;7
MXT_TRADE_REP_INTRADAY;M_TP_DTEUND;DATE;;;7
MXT_TRADE_REP_INTRADAY;M_TP_DTEUNDD;DATE;;;7
MXT_TRADE_REP_INTRADAY;M_TP_OBARRB1;NUMBER;6;16;22
MXT_TRADE_REP_INTRADAY;M_TP_OBARRB2;NUMBER;6;16;22
MXT_TRADE_REP_INTRADAY;M_TP_OBARTYP;CHAR;;;60
MXT_TRADE_REP_INTRADAY;M_TP_PFOLIO;CHAR;;;45
MXT_TRADE_REP_INTRADAY;M_TP_PRCDDEN;CHAR;;;30
MXT_TRADE_REP_INTRADAY;M_TP_PRCDFF;NUMBER;0;10;22
MXT_TRADE_REP_INTRADAY;M_REF_DATA;NUMBER;0;10;22
MXT_TRADE_REP_INTRADAY;M_MX_REF_JOB;NUMBER;0;10;22
MXT_TRADE_REP_INTRADAY;M_TP_FXBASE;CHAR;;;9
MXT_TRADE_REP_INTRADAY;M_TP_FXBRRD;CHAR;;;9
MXT_TRADE_REP_INTRADAY;M_TP_FXBRRFF;NUMBER;0;10;22
MXT_TRADE_REP_INTRADAY;M_TP_FXBRRN;CHAR;;;9
MXT_TRADE_REP_INTRADAY;M_TP_FXBRWED;DATE;;;7
MXT_TRADE_REP_INTRADAY;M_TP_FXBRWSD;DATE;;;7
MXT_TRADE_REP_INTRADAY;M_TP_FXCPCUR;CHAR;;;9
MXT_TRADE_REP_INTRADAY;M_TP_BROKER1;CHAR;;;45
MXT_TRADE_REP_INTRADAY;M_TP_BROKER2;CHAR;;;45
MXT_TRADE_REP_INTRADAY;M_TP_BROKER3;CHAR;;;45
MXT_TRADE_REP_INTRADAY;M_TP_BUY;CHAR;;;3
MXT_TRADE_REP_INTRADAY;M_TP_CLIENT;CHAR;;;45
MXT_TRADE_REP_INTRADAY;M_TP_CNTRP;CHAR;;;105
MXT_TRADE_REP_INTRADAY;M_TP_RTDCC02;DATE;;;7
MXT_TRADE_REP_INTRADAY;M_TP_RTDKC00;DATE;;;7
MXT_TRADE_REP_INTRADAY;M_TP_RTDKC01;DATE;;;7
MXT_TRADE_REP_INTRADAY;M_TP_RTDKC02;DATE;;;7
MXT_TRADE_REP_INTRADAY;M_TP_RTDPC00;DATE;;;7
MXT_TRADE_REP_INTRADAY;M_TP_RTDPC01;DATE;;;7
MXT_TRADE_REP_INTRADAY;M_TP_RTDPC02;DATE;;;7
MXT_TRADE_REP_INTRADAY;M_TP_PRICE;NUMBER;8;25;22
MXT_TRADE_REP_INTRADAY;M_TP_FEETYP0;CHAR;;;30
MXT_TRADE_REP_INTRADAY;M_TP_FEETYP1;CHAR;;;30
MXT_TRADE_REP_INTRADAY;M_TP_FEETYP2;CHAR;;;30
MXT_TRADE_REP_INTRADAY;M_TP_FEETYP3;CHAR;;;30
MXT_TRADE_REP_INTRADAY;M_TP_STRTGY;CHAR;;;45
MXT_TRADE_REP_INTRADAY;M_TP_TIMSYS;CHAR;;;24
MXT_TRADE_REP_INTRADAY;M_TP_TRADER;CHAR;;;30
MXT_TRADE_REP_INTRADAY;M_TP_IPAYDTE;DATE;;;7
MXT_TRADE_REP_INTRADAY;M_TP_IQTY;NUMBER;8;24;22
MXT_TRADE_REP_INTRADAY;M_TP_LQTY2;NUMBER;8;24;22
MXT_TRADE_REP_INTRADAY;M_TP_MKTNDX;CHAR;;;120
MXT_TRADE_REP_INTRADAY;M_TP_DSCEXO0;CHAR;;;90
MXT_TRADE_REP_INTRADAY;M_TP_DSCEXO1;CHAR;;;90
MXT_TRADE_REP_INTRADAY;M_TP_DSCEXO2;CHAR;;;90
MXT_TRADE_REP_INTRADAY;M_TP_DSCTYPE;CHAR;;;90
MXT_TRADE_REP_INTRADAY;M_TP_DTEEXP;DATE;;;7
MXT_TRADE_REP_INTRADAY;M_TP_DTEFXGF;DATE;;;7
MXT_TRADE_REP_INTRADAY;M_TP_FEESRC2;CHAR;;;45
MXT_TRADE_REP_INTRADAY;M_TP_FEESRC3;CHAR;;;45
MXT_TRADE_REP_INTRADAY;M_CNT_VS0;NUMBER;0;6;22
MXT_TRADE_REP_INTRADAY;M_CNT_VS1;NUMBER;0;6;22
MXT_TRADE_REP_INTRADAY;M_CNT_VS2;NUMBER;0;6;22
MXT_TRADE_REP_INTRADAY;M_CONTRACT;NUMBER;0;10;22
MXT_TRADE_REP_INTRADAY;M_H_COMMENT1;CHAR;;;90
MXT_TRADE_REP_INTRADAY;M_H_COMMENT2;CHAR;;;90
MXT_TRADE_REP_INTRADAY;M_H_COMMENT3;CHAR;;;90
MXT_TRADE_REP_INTRADAY;M_H_EVENT;CHAR;;;30
MXT_TRADE_REP_INTRADAY;M_X_DSCEXO0;NUMBER;4;10;22
MXT_TRADE_REP_INTRADAY;M_H_BROKER;CHAR;;;30
MXT_TRADE_REP_INTRADAY;M_TP_TSD;DATE;;;7
MXT_TRADE_SI_REP;TIMESTAMP;FLOAT;;126;22
MXT_TRADE_SI_REP;M_IDENTITY;NUMBER;0;10;22
MXT_TRADE_SI_REP;M_REF;NUMBER;0;10;22
MXT_TRADE_SI_REP;M_AW_SHORT;CHAR;;;120
MXT_TRADE_SI_REP;M_FLOW_ID;NUMBER;0;10;22
MXT_TRADE_SI_REP;M_SEND_SHORT;CHAR;;;120
MXT_TRADE_SI_REP;M_REC_SWIFT;CHAR;;;33
MXT_TRADE_SI_REP;M_REFERENCE;NUMBER;0;10;22
MXT_TRADE_SI_REP;M_CNT_TYPO;CHAR;;;60
MXT_TRADE_SI_REP;M_CNT_VER;NUMBER;0;6;22
MXT_TRADE_SI_REP;M_PKG_ORIG;NUMBER;0;10;22
MXT_TRADE_SI_REP;M_MX_REF_JOB;NUMBER;0;10;22
MXT_TRADE_SI_REP;M_BEN_SHORT;CHAR;;;120
MXT_TRADE_SI_REP;M_SEND_ACC;CHAR;;;120
MXT_TRADE_SI_REP;M_BEN_ACC;CHAR;;;90
MXT_TRADE_SI_REP;M_PKG_VER;NUMBER;0;6;22
MXT_TRADE_SI_REP;M_REF_DATA;NUMBER;0;10;22
MXT_TRADE_SI_REP;M_CMP_TYPO;CHAR;;;60
MXT_TRADE_SI_REP;M_TRN_ID;NUMBER;0;10;22
MXT_TRADE_SI_REP;M_SEND_SWIFT;CHAR;;;33
MXT_TRADE_SI_REP;M_REC_SHORT;CHAR;;;120
MXT_TRADE_SI_REP;M_SET_METHOD;CHAR;;;60
MXT_TRADE_SI_REP;M_INT_SHORT;CHAR;;;120
MXT_TRADE_SI_REP;M_AW_SWIFT;CHAR;;;33
MXT_TRADE_SI_REP;M_CNT_ORIG;NUMBER;0;10;22
MXT_TRADE_SI_REP;M_BEN_SWIFT;CHAR;;;33
MXT_TRADE_SI_REP;M_INT_SWIFT;CHAR;;;33
MXT_TRADE_SI_REP;M_CHARGES;CHAR;;;9
MXT_TRADE_SI_REP;M_PACK_REF;NUMBER;0;10;22
MXT_TRADE_SI_REP;M_H_SYS_DATE;DATE;;;7
MXT_TRADE_SI_REP;M_CUST_ACC;CHAR;;;120
MXT_TRADE_SI_REP;M_VALUE_DATE;DATE;;;7
MXT_TRADE_TS_REP;TIMESTAMP;FLOAT;;126;22
MXT_TRADE_TS_REP;M_IDENTITY;NUMBER;0;10;22
MXT_TRADE_TS_REP;M_CMP_TYPO;CHAR;;;63
MXT_TRADE_TS_REP;M_CNT_ORG;NUMBER;0;10;22
MXT_TRADE_TS_REP;M_CNT_TYPO;CHAR;;;63
MXT_TRADE_TS_REP;M_CNT_VS2;NUMBER;0;6;22
MXT_TRADE_TS_REP;M_CONTRACT;NUMBER;0;10;22
MXT_TRADE_TS_REP;M_C_CUR_PL;CHAR;;;9
MXT_TRADE_TS_REP;M_H_EXT_DATE;DATE;;;7
MXT_TRADE_TS_REP;M_H_EXT_SEC;NUMBER;0;8;22
MXT_TRADE_TS_REP;M_H_EXT_TIME;CHAR;;;24
MXT_TRADE_TS_REP;M_H_MP_SPCV0;NUMBER;12;18;22
MXT_TRADE_TS_REP;M_H_SYS_DATE;DATE;;;7
MXT_TRADE_TS_REP;M_H_TRN_SEC;NUMBER;0;8;22
MXT_TRADE_TS_REP;M_NB;NUMBER;0;10;22
MXT_TRADE_TS_REP;M_PACKAGE;NUMBER;0;10;22
MXT_TRADE_TS_REP;M_PKG_ORG;NUMBER;0;10;22
MXT_TRADE_TS_REP;M_PKG_VS2;NUMBER;0;6;22
MXT_TRADE_TS_REP;M_PL_FMV2;NUMBER;6;23;22
MXT_TRADE_TS_REP;M_PL_FPFCP2;NUMBER;6;23;22
MXT_TRADE_TS_REP;M_PL_FPNFCP2;NUMBER;6;23;22
MXT_TRADE_TS_REP;M_PL_NFMV2;NUMBER;6;23;22
MXT_TRADE_TS_REP;M_QTY_INDEX;NUMBER;0;3;22
MXT_TRADE_TS_REP;M_S_DELTA2;NUMBER;5;24;22
MXT_TRADE_TS_REP;M_TP_DTETRN;DATE;;;7
MXT_TRADE_TS_REP;M_TP_INITSD;CHAR;;;3
MXT_TRADE_TS_REP;M_REF_DATA;NUMBER;0;10;22
MXT_TRADE_TS_REP;M_MX_REF_JOB;NUMBER;0;10;22
MXT_TRADE_TS_REP;M_TP_IPAY;NUMBER;8;22;22
MXT_TRADE_TS_REP;M_TP_IPAYCUR;CHAR;;;9
MXT_TRADE_TS_REP;M_TP_TIMSYS;CHAR;;;24
MXT_TRADE_VALUE_REP;M_PL_FMVTH1;NUMBER;6;23;22
MXT_TRADE_VALUE_REP;M_PL_FPFCP2;NUMBER;6;23;22
MXT_TRADE_VALUE_REP;M_PL_NFMVCL2;NUMBER;6;23;22
MXT_TRADE_VALUE_REP;M_QTY_INDEX;NUMBER;0;3;22
MXT_TRADE_VALUE_REP;M_S_DELTA2;NUMBER;5;24;22
MXT_TRADE_VALUE_REP;M_S_GAMMA2;NUMBER;6;24;22
MXT_TRADE_VALUE_REP;M_S_RHO2;NUMBER;5;19;22
MXT_TRADE_VALUE_REP;M_S_RHOF2;NUMBER;5;19;22
MXT_TRADE_VALUE_REP;M_S_THETA2;NUMBER;5;19;22
MXT_TRADE_VALUE_REP;M_S_VANNA2;NUMBER;5;19;22
MXT_TRADE_VALUE_REP;M_S_VEGA2;NUMBER;5;19;22
MXT_TRADE_VALUE_REP;M_S_VOLGA2;NUMBER;5;19;22
MXT_TRADE_VALUE_REP;M_TP_DSCEXO0;CHAR;;;90
MXT_TRADE_VALUE_REP;M_TP_FXBASE;CHAR;;;9
MXT_TRADE_VALUE_REP;M_TP_FXPSPT;NUMBER;6;12;22
MXT_TRADE_VALUE_REP;M_TP_INITSD;CHAR;;;3
MXT_TRADE_VALUE_REP;M_TP_IPAY;NUMBER;8;22;22
MXT_TRADE_VALUE_REP;TIMESTAMP;FLOAT;;126;22
MXT_TRADE_VALUE_REP;M_IDENTITY;NUMBER;0;10;22
MXT_TRADE_VALUE_REP;M_TP_IPAYCVC;CHAR;;;9
MXT_TRADE_VALUE_REP;M_TP_IQTY;NUMBER;8;24;22
MXT_TRADE_VALUE_REP;M_TP_MOPLSTL;CHAR;;;150
MXT_TRADE_VALUE_REP;M_TP_NBLTI;NUMBER;0;10;22
MXT_TRADE_VALUE_REP;M_TP_NOMCUR;CHAR;;;9
MXT_TRADE_VALUE_REP;M_TP_QTYEQ;NUMBER;8;24;22
MXT_TRADE_VALUE_REP;M_TP_STATUS2;CHAR;;;30
MXT_TRADE_VALUE_REP;M_TP_VALSTAT;CHAR;;;12
MXT_TRADE_VALUE_REP;M_PACKAGE;NUMBER;0;10;22
MXT_TRADE_VALUE_REP;M_PKG_ORG;NUMBER;0;10;22
MXT_TRADE_VALUE_REP;M_PKG_VS0;NUMBER;0;6;22
MXT_TRADE_VALUE_REP;M_PKG_VS1;NUMBER;0;6;22
MXT_TRADE_VALUE_REP;M_PKG_VS2;NUMBER;0;6;22
MXT_TRADE_VALUE_REP;M_PL_CSNFCP2;NUMBER;6;23;22
MXT_TRADE_VALUE_REP;M_PL_FMV2;NUMBER;6;23;22
MXT_TRADE_VALUE_REP;M_PL_FMVCL2;NUMBER;6;23;22
MXT_TRADE_VALUE_REP;M_TP_IPAYCUR;CHAR;;;9
MXT_TRADE_VALUE_REP;M_TP_IPAYCV;NUMBER;8;22;22
MXT_TRADE_VALUE_REP;M_CONTRACT;NUMBER;0;10;22
MXT_TRADE_VALUE_REP;M_C_CUR_PL;CHAR;;;9
MXT_TRADE_VALUE_REP;M_C_PL_DT;CHAR;;;30
MXT_TRADE_VALUE_REP;M_H_DF_BASE;NUMBER;8;10;22
MXT_TRADE_VALUE_REP;M_H_DF_UND;NUMBER;8;10;22
MXT_TRADE_VALUE_REP;M_H_EXT_DATE;DATE;;;7
MXT_TRADE_VALUE_REP;M_H_EXT_SEC;NUMBER;0;8;22
MXT_TRADE_VALUE_REP;M_H_EXT_TIME;CHAR;;;24
MXT_TRADE_VALUE_REP;M_H_INVAL;NUMBER;6;23;22
MXT_TRADE_VALUE_REP;M_H_PR_DFC;NUMBER;6;18;22
MXT_TRADE_VALUE_REP;M_H_SYS_DATE;DATE;;;7
MXT_TRADE_VALUE_REP;M_H_TIMVAL;NUMBER;6;23;22
MXT_TRADE_VALUE_REP;M_MP_SPOT2;NUMBER;8;18;22
MXT_TRADE_VALUE_REP;M_NB;NUMBER;0;10;22
MXT_TRADE_VALUE_REP;M_REF_DATA;NUMBER;0;10;22
MXT_TRADE_VALUE_REP;M_MX_REF_JOB;NUMBER;0;10;22
MXT_TRADE_VALUE_REP;M_CMP_TYPO;CHAR;;;63
MXT_TRADE_VALUE_REP;M_CNT_ORG;NUMBER;0;10;22
MXT_TRADE_VALUE_REP;M_CNT_TYPO;CHAR;;;63
MXT_TRADE_VALUE_REP;M_CNT_VS0;NUMBER;0;6;22
MXT_TRADE_VALUE_REP;M_CNT_VS1;NUMBER;0;6;22
MXT_TRADE_VALUE_REP;M_CNT_VS2;NUMBER;0;6;22
MXT_USER_GROUP_REP;M_MX_REF_JOB;NUMBER;0;10;22
MXT_USER_GROUP_REP;M_H_SYS_DATE;DATE;;;7
MXT_USER_GROUP_REP;TIMESTAMP;FLOAT;;126;22
MXT_USER_GROUP_REP;M_IDENTITY;NUMBER;0;10;22
MXT_USER_GROUP_REP;M_H_EXT_TIME;CHAR;;;24
MXT_USER_GROUP_REP;M_GROUP;CHAR;;;30
MXT_USER_GROUP_REP;M_REF_DATA;NUMBER;0;10;22
MXT_USER_GROUP_REP;M_H_EXT_DATE;DATE;;;7
MXT_USER_GROUP_REP;M_USER;CHAR;;;30
MXT_USER_GROUP_REP;M_TIMESTAMP_;DATE;;;7
MXT_VAR_MKTOP_REP;M_REF_DATA;NUMBER;0;10;22
MXT_VAR_MKTOP_REP;M_MX_REF_JOB;NUMBER;0;10;22
MXT_VAR_MKTOP_REP;M_CMP_TYPO;CHAR;;;63
MXT_VAR_MKTOP_REP;M_CNTCEVTCL;CHAR;;;30
MXT_VAR_MKTOP_REP;M_CNTLEVTLD2;DATE;;;7
MXT_VAR_MKTOP_REP;M_CNT_ORG;NUMBER;0;10;22
MXT_VAR_MKTOP_REP;M_CNT_TYPO;CHAR;;;63
MXT_VAR_MKTOP_REP;M_CNT_VS0;NUMBER;0;6;22
MXT_VAR_MKTOP_REP;M_CNT_VS1;NUMBER;0;6;22
MXT_VAR_MKTOP_REP;M_CNT_VS2;NUMBER;0;6;22
MXT_VAR_MKTOP_REP;M_CONTRACT;NUMBER;0;10;22
MXT_VAR_MKTOP_REP;M_H_MK_BOCNF;CHAR;;;30
MXT_VAR_MKTOP_REP;M_H_MK_BOSGN;CHAR;;;30
MXT_VAR_MKTOP_REP;M_H_MK_TYPE;CHAR;;;765
MXT_VAR_MKTOP_REP;M_H_MOPCRTD;DATE;;;7
MXT_VAR_MKTOP_REP;TIMESTAMP;FLOAT;;126;22
MXT_VAR_MKTOP_REP;M_IDENTITY;NUMBER;0;10;22
MXT_VAR_MKTOP_REP;M_H_MOPCRTL;CHAR;;;765
MXT_VAR_MKTOP_REP;M_H_MRPLFLAG;CHAR;;;3
MXT_VAR_MKTOP_REP;M_H_MRPL_ONB;NUMBER;0;10;22
MXT_VAR_MKTOP_REP;M_INSTRUMENT;CHAR;;;105
MXT_VAR_MKTOP_REP;M_MK_BOCMT;CHAR;;;30
MXT_VAR_MKTOP_REP;M_MK_BOCNF;CHAR;;;30
MXT_VAR_MKTOP_REP;M_MK_BOSGN;CHAR;;;30
MXT_VAR_MKTOP_REP;M_MK_BROTHER;NUMBER;0;10;22
MXT_VAR_MKTOP_REP;M_MK_CLPR0;NUMBER;6;16;22
MXT_VAR_MKTOP_REP;M_MK_CLPR1;NUMBER;6;16;22
MXT_VAR_MKTOP_REP;M_MK_CLPR2;NUMBER;6;16;22
MXT_VAR_MKTOP_REP;M_MK_DEST;CHAR;;;30
MXT_VAR_MKTOP_REP;M_MK_DTE;DATE;;;7
MXT_VAR_MKTOP_REP;M_MK_DTEACC;DATE;;;7
MXT_VAR_MKTOP_REP;M_MK_LEVEL;CHAR;;;3
MXT_VAR_MKTOP_REP;M_MK_NB;NUMBER;0;10;22
MXT_VAR_MKTOP_REP;M_MK_ORIGIN;CHAR;;;30
MXT_VAR_MKTOP_REP;M_PL_CUR;CHAR;;;9
MXT_VAR_MKTOP_REP;M_QTY_INDEX;NUMBER;0;3;22
MXT_VAR_MKTOP_REP;M_TP_CNTRP;CHAR;;;105
MXT_VAR_MKTOP_REP;M_TP_INT;CHAR;;;3
MXT_VAR_MKTOP_REP;M_TP_IQTY;NUMBER;8;24;22
MXT_VAR_MKTOP_REP;M_TP_LQTY0;NUMBER;8;24;22
MXT_VAR_MKTOP_REP;M_TP_LQTY1;NUMBER;8;24;22
MXT_VAR_MKTOP_REP;M_TP_LQTY2;NUMBER;8;24;22
MXT_VAR_MKTOP_REP;M_TP_MOPCRT;NUMBER;0;1;22
MXT_VAR_MKTOP_REP;M_TP_MOPCRTD;DATE;;;7
MXT_VAR_MKTOP_REP;M_TP_MOPCRTL;CHAR;;;30
MXT_VAR_MKTOP_REP;M_TP_MOPCRTS;CHAR;;;15
MXT_VAR_MKTOP_REP;M_TP_MOPLST;NUMBER;0;3;22
MXT_VAR_MKTOP_REP;M_TP_MOPLSTD;DATE;;;7
MXT_VAR_MKTOP_REP;M_TP_MOPLSTL;CHAR;;;150
MXT_VAR_MKTOP_REP;M_TP_PFOLIO;CHAR;;;45
MXT_VAR_MKTOP_REP;M_TP_STAT32;CHAR;;;30
MXT_VAR_MKTOP_REP;M_TP_STATUS2;CHAR;;;30
MXT_VAR_MKTOP_REP;M_MK_PLCUR;CHAR;;;9
MXT_VAR_MKTOP_REP;M_MK_QTY;NUMBER;8;22;22
MXT_VAR_MKTOP_REP;M_MK_STLAMT;NUMBER;2;16;22
MXT_VAR_MKTOP_REP;M_MK_STLCUR;CHAR;;;9
MXT_VAR_MKTOP_REP;M_MK_STLDTE;DATE;;;7
MXT_VAR_MKTOP_REP;M_MK_STLPRC;NUMBER;6;16;22
MXT_VAR_MKTOP_REP;M_MK_SUBTYPE;CHAR;;;30
MXT_VAR_MKTOP_REP;M_MK_TIME;CHAR;;;24
MXT_VAR_MKTOP_REP;M_MK_TYPE;CHAR;;;30
MXT_VAR_MKTOP_REP;M_MRPL_DATE;DATE;;;7
MXT_VAR_MKTOP_REP;M_MRPL_FLAG;CHAR;;;3
MXT_VAR_MKTOP_REP;M_MRPL_ONB;NUMBER;0;10;22
MXT_VAR_MKTOP_REP;M_NB;NUMBER;0;10;22
MXT_VAR_MKTOP_REP;M_PACKAGE;NUMBER;0;10;22
MXT_VAR_MKTOP_REP;M_PKG_ORG;NUMBER;0;10;22
MXT_VAR_MKTOP_REP;M_PKG_VS0;NUMBER;0;6;22
MXT_VAR_MKTOP_REP;M_PKG_VS1;NUMBER;0;6;22
MXT_VAR_MKTOP_REP;M_PKG_VS2;NUMBER;0;6;22
MXT_VAR_MKTOP_REP;M_TP_TIMSYS;CHAR;;;24
MXT_VAR_MKTOP_REP;M_V_ACTOR;CHAR;;;30
MXT_VAR_MKTOP_REP;M_V_BROTHER;NUMBER;0;10;22
MXT_VAR_MKTOP_REP;M_V_CNT_DEST;CHAR;;;30
MXT_VAR_MKTOP_REP;M_V_CNT_SRC;CHAR;;;30
MXT_VAR_MKTOP_REP;M_V_DATE;DATE;;;7
MXT_VAR_MKTOP_REP;M_V_EVSTLAMT;NUMBER;3;19;22
MXT_VAR_MKTOP_REP;M_V_EVSTLCUR;CHAR;;;9
MXT_VAR_MKTOP_REP;M_V_EVSTLDTE;DATE;;;7
MXT_VAR_MKTOP_REP;M_V_EVT_REF;NUMBER;0;10;22
MXT_VAR_MKTOP_REP;M_V_IMPQTY;NUMBER;8;22;22
MXT_VAR_MKTOP_REP;M_V_TSD;DATE;;;7
MXT_VAR_MKTOP_REP;M_V_TSH;CHAR;;;24
MXT_VAR_V1;M_DATE;DATE;;;7
MXT_VAR_V1;M_CUR;CHAR;;;3
MXT_VAR_V1;M_PTFOLIO;CHAR;;;15
MXT_VAR_V1;M_DEALNUM;NUMBER;0;10;22
MXT_VAR_V1;M_SCENARIO;NUMBER;0;10;22
MXT_VAR_V1;M_RESULT;NUMBER;5;19;22
MXT_VAR_V1;M_RESULTV;NUMBER;5;19;22
MXT_VAR_V1;M_H_SYS_DATE;DATE;;;7
MXT_VAR_V1;M_TIMESTAMP;DATE;;;7
MXT_VOL_INTRADAY_REP;TIMESTAMP;FLOAT;;126;22
MXT_VOL_INTRADAY_REP;M_IDENTITY;NUMBER;0;10;22
MXT_VOL_INTRADAY_REP;M_REF_DATA;NUMBER;0;10;22
MXT_VOL_INTRADAY_REP;M_MX_REF_JOB;NUMBER;0;10;22
MXT_VOL_INTRADAY_REP;M_CALLASK;NUMBER;10;17;22
MXT_VOL_INTRADAY_REP;M_CALLBID;NUMBER;10;17;22
MXT_VOL_INTRADAY_REP;M_EXPIRYDATE;DATE;;;7
MXT_VOL_INTRADAY_REP;M_INSTRUM;CHAR;;;45
MXT_VOL_INTRADAY_REP;M_LABEL;CHAR;;;30
MXT_VOL_INTRADAY_REP;M_TODAY;DATE;;;7
MXT_VOL_INTRADAY_REP;M_VOL_MID;NUMBER;0;20;22
MXT_ZC_REP;TIMESTAMP;FLOAT;;126;22
MXT_ZC_REP;M_IDENTITY;NUMBER;0;10;22
MXT_ZC_REP;M_CURVE;CHAR;;;63
MXT_ZC_REP;M_MKT_QUOTE_BID;NUMBER;9;12;22
MXT_ZC_REP;M_COMPUTING_MODE;CHAR;;;48
MXT_ZC_REP;M_MATURITY_DATE;DATE;;;7
MXT_ZC_REP;M_START_DATE;DATE;;;7
MXT_ZC_REP;M_TENOR;CHAR;;;18
MXT_ZC_REP;M_GENERATOR;CHAR;;;63
MXT_ZC_REP;M_DAY_COUNT_FRACTION;CHAR;;;63
MXT_ZC_REP;M_DISC_FACTOR_BID;NUMBER;9;12;22
MXT_ZC_REP;M_DISC_FACTOR_ASK;NUMBER;9;12;22
MXT_ZC_REP;M_H_EXT_DATE;DATE;;;7
MXT_ZC_REP;M_DISC_RATE_ASK;NUMBER;9;12;22
MXT_ZC_REP;M_MX_REF_JOB;NUMBER;0;10;22
MXT_ZC_REP;M_TYPE;CHAR;;;63
MXT_ZC_REP;M_REF_DATA;NUMBER;0;10;22
MXT_ZC_REP;M_H_SYS_DATE;DATE;;;7
MXT_ZC_REP;M_DISC_RATE_BID;NUMBER;9;12;22
MXT_ZC_REP;M_MKT_QUOTE_ASK;NUMBER;9;12;22
TREMOR1_BASKET_REP;TIMESTAMP;FLOAT;;126;22
TREMOR1_BASKET_REP;M_IDENTITY;NUMBER;0;10;22
TREMOR1_BASKET_REP;M_DATE;DATE;;;7
TREMOR1_BASKET_REP;M_ERROR_PRI;NUMBER;5;11;22
TREMOR1_BASKET_REP;M_ERROR_VOL;NUMBER;5;10;22
TREMOR1_BASKET_REP;M_IMPLIED_P;NUMBER;5;10;22
TREMOR1_BASKET_REP;M_IMPLIED_V;NUMBER;5;38;22
TREMOR1_BASKET_REP;M_MARKET_PR;NUMBER;5;10;22
TREMOR1_BASKET_REP;M_MARKET_VO;NUMBER;5;16;22
TREMOR1_BASKET_REP;M_OPT_EXPIR;DATE;;;7
TREMOR1_BASKET_REP;M_PL_INSTRU;CHAR;;;45
TREMOR1_BASKET_REP;M_REF_DATA_O;NUMBER;0;10;22
TREMOR1_BASKET_REP;M_REF_JOB_O;NUMBER;0;10;22
TREMOR1_BASKET_REP;M_STRIKE;NUMBER;5;10;22
TREMOR1_BASKET_REP;M_STRIKE_SC;NUMBER;0;21;22
TREMOR1_BASKET_REP;M_WEIGHT;NUMBER;0;3;22
TREMOR1_BASKET_REP;M_REF_DATA;NUMBER;0;10;22
TREMOR1_BASKET_REP;M_MX_REF_JOB;NUMBER;0;10;22
TREMOR1_OUTPUTS_REP;TIMESTAMP;FLOAT;;126;22
TREMOR1_OUTPUTS_REP;M_IDENTITY;NUMBER;0;10;22
TREMOR1_OUTPUTS_REP;M_REF_DATA;NUMBER;0;10;22
TREMOR1_OUTPUTS_REP;M_MX_REF_JOB;NUMBER;0;10;22
TREMOR1_OUTPUTS_REP;M_CORRELATI;NUMBER;5;11;22
TREMOR1_OUTPUTS_REP;M_CURSOR;NUMBER;2;38;22
TREMOR1_OUTPUTS_REP;M_DATE;DATE;;;7
TREMOR1_OUTPUTS_REP;M_INITIAL_V;NUMBER;5;10;22
TREMOR1_OUTPUTS_REP;M_KAPPA;NUMBER;2;16;22
TREMOR1_OUTPUTS_REP;M_NORMALISA;NUMBER;5;11;22
TREMOR1_OUTPUTS_REP;M_OPT_EXPIR;DATE;;;7
TREMOR1_OUTPUTS_REP;M_PARABOLA_;NUMBER;5;10;22
TREMOR1_OUTPUTS_REP;M_PL_INSTRU;CHAR;;;108
TREMOR1_OUTPUTS_REP;M_REF_DATA_O;NUMBER;0;10;22
TREMOR1_OUTPUTS_REP;M_REF_JOB_O;NUMBER;0;10;22
TREMOR1_OUTPUTS_REP;M_SLOPE;NUMBER;15;30;22
TREMOR1_OUTPUTS_REP;M_VOL_OF_VA;NUMBER;5;11;22
TRN_ENTD_DBF_REP;TIMESTAMP;FLOAT;;126;22
TRN_ENTD_DBF_REP;M_IDENTITY;NUMBER;0;10;22
TRN_ENTD_DBF_REP;M_MX_REF_JOB;NUMBER;0;10;22
TRN_ENTD_DBF_REP;M_PCG_DATE;DATE;;;7
TRN_ENTD_DBF_REP;M_REF_DATA;NUMBER;0;10;22
USR_INFO_DBF_REP;TIMESTAMP;FLOAT;;126;22
USR_INFO_DBF_REP;M_IDENTITY;NUMBER;0;10;22
USR_INFO_DBF_REP;M_USER_NAME;VARCHAR2;;;90
USR_INFO_DBF_REP;M_DESC;VARCHAR2;;;300
USR_INFO_DBF_REP;M_GROUP;VARCHAR2;;;90
USR_INFO_DBF_REP;M_MX_REF_JOB;NUMBER;0;10;22
USR_INFO_DBF_REP;M_REF_DATA;NUMBER;0;10;22
USR_INFO_DBF_REP;M_SESS_DATE;DATE;;;7
